{"version": "1.0", "algorithm": "sha256", "created_at": "2025-05-21T16:40:48.657779+00:00", "files": [{"path": "package_manager.cmake", "size": 2125, "hash": "1e7f6ba9cdcc8fc9f0a7dde5c5e1ec03ef699c210caf381181cc4a35f95f0ca1"}, {"path": "CMakeLists.txt", "size": 25, "hash": "1b07b2a81841a6e12fc589126fca551dfa39cd6db0646f802740972b48a2cf1b"}, {"path": "CHANGELOG.md", "size": 2592, "hash": "4779bc99678035cbd48addd07e6c5246213d7a93fb34ec469eb838fb64840c63"}, {"path": "idf_component.yml", "size": 255, "hash": "8c21ccd7648224f955d0f8e694fca3e5c469db87ceea389ebbf66b6e5c5da239"}, {"path": "Kconfig", "size": 2524, "hash": "e776e604c4395f8aa8d869a363d042e08eeea372887ff0e2b57535455f1bf3c0"}, {"path": "README.md", "size": 1340, "hash": "26229d274cc1e1add77cfe70eab0997059458894aff066ee2e227bf2c1fd9b7e"}, {"path": "project_include.cmake", "size": 354, "hash": "ca2f4fbba0ae2524cabe17844a79021d587cce6ec5fef53b36c21ae4d7257972"}, {"path": "gen_single_bin.cmake", "size": 1104, "hash": "34bc2100e339538edc47e86aa63cbeb7bc98c06a93105027a4603ba7f96b1dc2"}, {"path": "relinker.cmake", "size": 3288, "hash": "52ac755b429ee9cf6a45fd22121485d69f883d56c3b9f5d8eaa325156a070ad3"}, {"path": "license.txt", "size": 11358, "hash": "cfc7749b96f63bd31c3c42b5c471bf756814053e847c10f3eb003417bc523d30"}, {"path": "cmake_utilities.cmake", "size": 137, "hash": "307c1feb59598ff2351967009f1c6424820178b1da6903f40cc01dd52eb703ef"}, {"path": "gen_compressed_ota.cmake", "size": 727, "hash": "8309efee996bd2e5da0f55d26a0df1d199efb9c562eba07e410d49744401659a"}, {"path": "gcc.cmake", "size": 3585, "hash": "47674577242d2be68d6bc1c71bbe664a7e1d0047170ee1fe78f71b987c810620"}, {"path": "test_apps/CMakeLists.txt", "size": 374, "hash": "a851b56d24811c45175a960701596367c9a575b34a6fa8b7ab01bc2c1334c129"}, {"path": "test_apps/pytest_cmake_utilities.py", "size": 583, "hash": "5f60d02cdcaed3503bc259c51cff9af0c267887c86be825c097ed8f57a6a13fa"}, {"path": "docs/gen_compressed_ota.md", "size": 1620, "hash": "c7779477fb4989379898ad18b70af7738ff2bffe624e5d549a3b776aa983ca0b"}, {"path": "docs/gcc.md", "size": 3494, "hash": "908f5108283c7e3d0a046711ab8215fe6ccd59f09924d55cef0bbaf6a5a4ff3a"}, {"path": "docs/relinker.md", "size": 2963, "hash": "0cbffe09354d7e66ac05cf6de02bcdcf76dd2db69072e998e15ee268a5dd2384"}, {"path": "scripts/gen_custom_ota.py", "size": 13418, "hash": "64822db67089a6fdcde610d5ec31369aaa62441441f09d2ed8d4aae2a396e353"}, {"path": "scripts/relinker/configuration.py", "size": 6406, "hash": "7f5c80c0dd3504bcab89b585786b805544a8e39b17b59fc0ef911cb0813fba09"}, {"path": "scripts/relinker/relinker.py", "size": 9978, "hash": "07c1ec82d9f1843d3a12ade88295610ab78cc21c2dd90b02fe314d88d9085eac"}, {"path": "scripts/relinker/examples/esp32c2/object.csv", "size": 6783, "hash": "761467fbbe3adbf544adcfaa50b2fca1a79208786070784b000961c43a23744d"}, {"path": "scripts/relinker/examples/esp32c2/library.csv", "size": 1156, "hash": "5ca43f2ded3f5b3e1d1398949c86080ac1ff7d06e7d147dc5ecf21d0ec034e61"}, {"path": "scripts/relinker/examples/esp32c2/function.csv", "size": 22369, "hash": "5d608e6d35d7a2a6f5ac317ea5e993443b5baef0ce788eb2464aca37246bcb29"}, {"path": "test_apps/main/CMakeLists.txt", "size": 157, "hash": "1b582805eb1d7d515bac70643308b0bacf18dccee565df745051267635b09c1a"}, {"path": "test_apps/main/test_cmake_utilities.c", "size": 1848, "hash": "6ff7025750c8c59bbd379af839def4427c6f59149e19885ac674740e45eccdac"}, {"path": "test_apps/components/TEST-component2/CMakeLists.txt", "size": 285, "hash": "441a6b60573d3146386d56ccbf12cf4451eeef01cac2905b18259bb2a1912b64"}, {"path": "test_apps/components/TEST-component2/idf_component.yml", "size": 230, "hash": "dbbd16387c7b0ea7378126e87cafdf8b3bc58fdcf472e7d853b38ea24d813a2b"}, {"path": "test_apps/components/TEST-component2/test_component2.h", "size": 213, "hash": "42a6a9a527a8b78a6373a432a1d2c8c540bae91d7c604bbc12be5f709a16fb37"}, {"path": "test_apps/components/TEST-component2/test_component2.c", "size": 256, "hash": "d949b85dd1ce045b724cd463ac6549b372db9935ed07dc3dad250660d3b3f27f"}, {"path": "test_apps/components/test_component1/CMakeLists.txt", "size": 285, "hash": "441a6b60573d3146386d56ccbf12cf4451eeef01cac2905b18259bb2a1912b64"}, {"path": "test_apps/components/test_component1/test_component1.h", "size": 213, "hash": "e77976253127f05cbbfae7a635c9455d584b66cceae69ef8f8465fd4ce85aadf"}, {"path": "test_apps/components/test_component1/idf_component.yml", "size": 230, "hash": "70631b0633adbaa92bb26785dee0369f889cc93bc9a22635f1553f864522607b"}, {"path": "test_apps/components/test_component1/test_component1.c", "size": 256, "hash": "fe9ce9a01d53cfbc1970f0a9ee9c8d382c399e0c9aeb93ce843af01bd70b5411"}]}