{"version": "1.0", "algorithm": "sha256", "created_at": "2025-05-21T17:28:20.114715+00:00", "files": [{"path": "CMakeLists.txt", "size": 13236, "hash": "b102912d87c3ea350d02012c21878db4a2ec70c4c438b2aa61ab7761f0d13927"}, {"path": "LICENSE", "size": 11358, "hash": "cfc7749b96f63bd31c3c42b5c471bf756814053e847c10f3eb003417bc523d30"}, {"path": "build_all.sh", "size": 2733, "hash": "480e173ba375446b1817fbae87ae47208929bfb0715624c5a9904d53f33b9d9f"}, {"path": "CHANGELOG.md", "size": 3309, "hash": "c59fd79544fe1f626c8afc660e79252782b9d06973cecb8e06948ec9d5d1168a"}, {"path": ".pre-commit-config.yaml", "size": 724, "hash": "2b9727895d2a312c9385ae047e840294ed66bcf8de5997e42651ced35a22be1d"}, {"path": "idf_component.yml", "size": 524, "hash": "b8b2e3392b255ca1e32cba91612983affe7c90b84c719638abae082248412949"}, {"path": "Kconfig", "size": 1437, "hash": "45fbafd7d589f71bd1621d190aa7349047e64b85dec821b589bba0eef87529f6"}, {"path": "README.md", "size": 5024, "hash": "6df37f064a5ba4d5e0fc659b624737118c01ec2daa49ec4769b934710420398f"}, {"path": ".gitignore", "size": 763, "hash": "6fbc505298182fee27f7d7e9bfb8fcddec2f7a2045f88e727a83fbd6833b94c4"}, {"path": "CONTRIBUTING.md", "size": 3329, "hash": "cfbfbfb8c93abd1358f170df20580e173dc81b6d8b46299b87f0d2a97912fdd0"}, {"path": "examples/README.md", "size": 917, "hash": "ce96cb4b01bc6e01ca6c55b88f81b6bd09caa9a7ce5ae872e1af661b8ffb2753"}, {"path": "applications/README.md", "size": 886, "hash": "9283a7db194a6cae06e1b523867b2384b7c07fcdc2b3f0e746487365dcdd02e9"}, {"path": "modules/iir/test/test_bq_f32_ae32.c", "size": 3210, "hash": "1456b35aba938a0b1e6c6dd5c958634125197d5b9ab52070e68f9f963a2384f0"}, {"path": "modules/iir/test/test_bq_f32_ansi.c", "size": 2134, "hash": "eb675ff8ffd2bd446661c7e9f40d4cda5326c7100c8b2722d6a12f5bb5d10776"}, {"path": "modules/iir/test/test_bq_sf32_ae32.c", "size": 3269, "hash": "690d1acd213dfbc516c67adebec26db506b1506dde3c241b4d72545c8f8002b1"}, {"path": "modules/iir/test/test_bq_sf32_ansi.c", "size": 3192, "hash": "b2db8d6f31ac1f26e638d0f7ffdb8064de07a81b8a197d314f9ea3789c95bbef"}, {"path": "modules/iir/include/dsps_biquad.h", "size": 3660, "hash": "4272060ce56422edf85918d111b3488730bef93e6dec601dbf6c7bfd8a019465"}, {"path": "modules/iir/include/dsps_biquad_gen.h", "size": 7349, "hash": "b9d57bfeff1121421f6b932381a29626301b39540ed011f2538b81d7119d6f1a"}, {"path": "modules/iir/include/dsps_biquad_platform.h", "size": 697, "hash": "c01247fe0524e4891fbef3d7532e88d1d8133c2d814f15b1f699ff10d4fd7d5c"}, {"path": "modules/iir/biquad/dsps_biquad_gen_f32.c", "size": 7000, "hash": "671acf0a9cec3939e4d1dbf381d576967f4eca05e01aac4a01d8f91b3a80893e"}, {"path": "modules/iir/biquad/dsps_biquad_sf32_ansi.c", "size": 1184, "hash": "3a3d6dbeea6abf4f20a3c488ad5c5264b4cda1a146582c63e7bfc7d742d7a2ac"}, {"path": "modules/iir/biquad/dsps_biquad_f32_ansi.c", "size": 984, "hash": "ed57aa2d44353c6983b2ea9cb6f6e3fe72ce08fdcd49a697094f4f0a5a45c576"}, {"path": "modules/iir/biquad/dsps_biquad_f32_aes3.S", "size": 2417, "hash": "cf91c8d1f643850dcf0f7643b4bfb4338afe2b595b805c2bf17c8ae614bb21ef"}, {"path": "modules/iir/biquad/dsps_biquad_f32_ae32.S", "size": 2340, "hash": "54fb678320aaa3cf141a4a10dc165dc2a57c59b1e20016312bd12b8e9e792176"}, {"path": "modules/iir/biquad/dsps_biquad_sf32_ae32.S", "size": 2814, "hash": "f1b760c479893ae24b008190cbff2b9f73c501930e0cc1c1ca612341769a98c3"}, {"path": "modules/iir/biquad/dsps_biquad_f32_arp4.S", "size": 2625, "hash": "0f300d94d80902d4ff1f920f489f075ec2ca841c5a7c8bddfcee662ad97968f8"}, {"path": "modules/iir/biquad/dsps_biquad_sf32_arp4.S", "size": 3677, "hash": "36f14ea96cc4246c5043d668439b5f1e791489dbc32088a82e28b87be70dfa4b"}, {"path": "modules/iir/test_sim/main.c", "size": 189, "hash": "cf385a1e649bb6de30f52124b1dce1386635321a961c88329bd292d01ce902e9"}, {"path": "modules/iir/test_sim/test_iir_biquad.c", "size": 1462, "hash": "32eca0721c084d8638653bda97cd057185709759348bf68ecb2018553d9c8cee"}, {"path": "modules/matrix/mat/mat.cpp", "size": 26990, "hash": "a449e1931b302ecfa0e4aeafe085620924f019c3482056dc6436950fc0d5ce32"}, {"path": "modules/matrix/include/dspm_matrix.h", "size": 307, "hash": "a96bb83b09fe289f3d7b289ef07b1040b2fd290660768c02f6ee83fa907810ea"}, {"path": "modules/matrix/include/mat.h", "size": 17979, "hash": "34e836f376e3c243dc642ea79ae725c1ae08b7a1d4a05bd0cf321ff953c3ae9d"}, {"path": "modules/matrix/add/test/test_dspm_add_f32_ansi.cpp", "size": 7249, "hash": "89d4697b60993135c8e1dc60e4446b262e0476f725bc0a57903a59c44b87b85a"}, {"path": "modules/matrix/add/test/test_dspm_add_f32_ae32.cpp", "size": 7234, "hash": "941d33f4cc9d75fdbb9c09334e7a3a9b3a2ae78b8e948e2eb30eeb772206addf"}, {"path": "modules/matrix/add/include/dspm_add_platform.h", "size": 336, "hash": "1a24d8c96705912bdb024a2e276849939798d0731106975e9c76d991b2d2e9dd"}, {"path": "modules/matrix/add/include/dspm_add.h", "size": 1907, "hash": "6e5f3e29713dbf2bbf925ea3a7d1754e4346889fb6b7f94913d9b5c9b6c96bb7"}, {"path": "modules/matrix/add/float/dspm_add_f32_ae32.S", "size": 2133, "hash": "4fa1299cde01128e3fd0e79980cc11da20c8d335b644ae40b95cfa44b80fbdd3"}, {"path": "modules/matrix/add/float/dspm_add_f32_ansi.c", "size": 1693, "hash": "7e6c1125293936f72722b89e86c655c29c8a87a079c354267988e981275793a3"}, {"path": "modules/matrix/sub/test/test_dspm_sub_f32_ansi.cpp", "size": 7235, "hash": "5a29204e08359b53fc5360285020a76bf905170f1fc6fd5f470d023838c634f4"}, {"path": "modules/matrix/sub/include/dspm_sub_platform.h", "size": 334, "hash": "cd40caf93701aac031e28979da7cb98a76141641b73b2a24d769686bbda4dc6a"}, {"path": "modules/matrix/sub/include/dspm_sub.h", "size": 1897, "hash": "744347d67edf42e2be6ceee37939235f68ca14349a9574e45f1955864561eac6"}, {"path": "modules/matrix/sub/float/dspm_sub_f32_ae32.S", "size": 2133, "hash": "74961bd504f0d4fe365c96d40e56c803a99c793973197de8ff3324643345608c"}, {"path": "modules/matrix/sub/float/dspm_sub_f32_ansi.c", "size": 1686, "hash": "b8f49f629327da3f514b4f81063cd1543b5708fdc95fe7d09d3f0e817631099f"}, {"path": "modules/matrix/mulc/test/test_dspm_mulc_f32_ansi.cpp", "size": 5324, "hash": "2ab79003a8eb2da538592d35603298931e04e65e74b0021e5a1b994bddd51fc6"}, {"path": "modules/matrix/mulc/include/dspm_mulc_platform.h", "size": 340, "hash": "cafd76333e1404d1daeaf63cbb017e8c57cddf1a4b5ebb0d686b607431fab7af"}, {"path": "modules/matrix/mulc/include/dspm_mulc.h", "size": 1681, "hash": "d56f79534838741649249be1745acca5a4977c452c0066ca9faddd878c87e6db"}, {"path": "modules/matrix/mulc/float/dspm_mulc_f32_ansi.c", "size": 1294, "hash": "3e642f51b9eb0abbb418b7159ea8db6a2f67ce6b808d419de4529d609e1fbfd2"}, {"path": "modules/matrix/mulc/float/dspm_mulc_f32_ae32.S", "size": 1818, "hash": "6db88c2546ac773f745175025c881f2dc50c6f424ede18a850d5b6abf218de52"}, {"path": "modules/matrix/addc/test/test_dspm_addc_f32_ansi.cpp", "size": 5529, "hash": "c8419cfc87fc44a2a0006187d7afa240607ca5db522ec3923066d3e4316de42e"}, {"path": "modules/matrix/addc/include/dspm_addc_platform.h", "size": 339, "hash": "6523d20bebe14e20cf55201a25cf3edd6a4e7baf1cc3631ba55002ae6343ce84"}, {"path": "modules/matrix/addc/include/dspm_addc.h", "size": 1705, "hash": "a20726f7628e28052d16778e78e5abf51dfac836e1ada0f6ae117458ec9847da"}, {"path": "modules/matrix/addc/float/dspm_addc_f32_ae32.S", "size": 1818, "hash": "0b3854200b201f77703a548bcd0f2cbcd0158137e6803856b8e4df0c4faad081"}, {"path": "modules/matrix/addc/float/dspm_addc_f32_ansi.c", "size": 1282, "hash": "247ec0088815196d108a9eaab965bb606e91bcc7d8d38785a2c5ba2dd78ced98"}, {"path": "modules/matrix/mul/test/test_mmult_ex_f32_aexx.cpp", "size": 11988, "hash": "921b283bb5ab5515f6c36cffb84f554d8e4fb367e7c81c51a74d8e6efe00e392"}, {"path": "modules/matrix/mul/test/test_mmult_4x4xx_f32_ae32.c", "size": 4844, "hash": "8b6dcb01c8e3119b7635d95c7ebb48feebc86b375b8abe9f02ffd9f10f8170bd"}, {"path": "modules/matrix/mul/test/test_mat_common.cpp", "size": 2532, "hash": "72afb03fb5fa459700321a6b86372dcc2fb4741f870ab86574aba143d7b67dbb"}, {"path": "modules/matrix/mul/test/test_mmult_f32_ansi.c", "size": 3736, "hash": "3da14580935288c083cd8fb79fa6a6803deac79aec7e9056823f417160bc3ac1"}, {"path": "modules/matrix/mul/test/test_mmult_3x3xx_f32_ae32.c", "size": 4743, "hash": "b31dd488439784062f4f2f6527382fb3602483cdb871990ca66c2e334869b534"}, {"path": "modules/matrix/mul/test/test_mat_sub_f32.cpp", "size": 33363, "hash": "42bcbeb7c62dd7848b88b864521ad268105bdbb21c07789d3c0b2601b2a7b8b2"}, {"path": "modules/matrix/mul/test/test_mmult_s16_ansi.c", "size": 3099, "hash": "0386ea7bc66bce7ddc28f3c1b7e71c1c74fe2d0d499c6e22b0dea514bf9808b3"}, {"path": "modules/matrix/mul/test/test_mmult_f32_ae32.c", "size": 2978, "hash": "5ffc8268eb5b7ab68de65edfb001b39ceee47a4d37507754312733ad2cb7c5b3"}, {"path": "modules/matrix/mul/test/test_mmult_s16_ae32.c", "size": 3740, "hash": "ea2a91292f9efc4f7aa9b79c1fc6e9b5d7e679fcfda9e4d5fd3ee1d483297350"}, {"path": "modules/matrix/mul/test/test_mat_f32.cpp", "size": 9007, "hash": "e79fe3b8b1efdce782e42e599b78c5d6d601492682b2896502eb71c7e5bb5f71"}, {"path": "modules/matrix/mul/test/test_mmult_ex_f32_ansi.cpp", "size": 8906, "hash": "f00a0a59c6d994a277c2a53920b247736311ffecbdb46d8a43327b035694a206"}, {"path": "modules/matrix/mul/include/dspm_mult_platform.h", "size": 977, "hash": "9e453fb8e1dacc7c4b4390f8e903c11431d02176ccff66f819ba33ea46f9c064"}, {"path": "modules/matrix/mul/include/dspm_mult.h", "size": 8422, "hash": "c7a3ea97b634ac3575acc377b620cdcd105ea8f53141a6d6a0b0b0059d7458ab"}, {"path": "modules/matrix/mul/fixed/dspm_mult_s16_arp4.S", "size": 3691, "hash": "f497a7e186fc02b3ab96d05964f46bded55b5e9fd20ab4ce59319adc7ff62c14"}, {"path": "modules/matrix/mul/fixed/dspm_mult_s16_ae32.S", "size": 4361, "hash": "df0d49efd06e4fee295a2a207ee3fe84662468e601f0d8d3e36e15567f310ab9"}, {"path": "modules/matrix/mul/fixed/dspm_mult_s16_m_ae32.S", "size": 1366, "hash": "dd5088db6554a6a779d18984e355246def67ab288a70edce048fd51d336c2fc4"}, {"path": "modules/matrix/mul/fixed/dspm_mult_s16_m_ae32_vector.S", "size": 2322, "hash": "fbd47918377b1aee86fa63a44aeb2350b43810a3f2a69a34f2363d63546e948a"}, {"path": "modules/matrix/mul/fixed/dspm_mult_s16_aes3.S", "size": 4887, "hash": "9bbb744732c06f9ebe42577a36ff4856c1f6cc55d9748e56611fcc3c8b0b9496"}, {"path": "modules/matrix/mul/fixed/dspm_mult_s16_ansi.c", "size": 1520, "hash": "57786c6bbf07f82d4eb06098e7d9f1f501c5eacf935861786a6384138f3481fc"}, {"path": "modules/matrix/mul/float/dspm_mult_ex_f32_aes3.S", "size": 6777, "hash": "d5613f80153d2a89b58d55ae04cacb22e67bed07a4307760e56d08e1a14937e8"}, {"path": "modules/matrix/mul/float/dspm_mult_4x4x1_f32_ae32.S", "size": 1905, "hash": "a0a562fd62526afe6cf6bd47948c53727a18854f7e2cff401641424fa7e134ad"}, {"path": "modules/matrix/mul/float/dspm_mult_3x3x1_f32_ae32.S", "size": 1892, "hash": "78ebd0686df65358433a5619b51c9dc56063737773c96cc7e8172290d097a428"}, {"path": "modules/matrix/mul/float/dspm_mult_f32_arp4.S", "size": 3043, "hash": "d5dfaf64c766744e255e8d49931c2314be6aa82371d79e979b2781c29e904edb"}, {"path": "modules/matrix/mul/float/dspm_mult_f32_ae32.S", "size": 2678, "hash": "105f6129dbc4fda4cdd006e6b53499c4b8b73369969c2a5dab5c57d2f4a43cf6"}, {"path": "modules/matrix/mul/float/dspm_mult_4x4x4_f32_ae32.S", "size": 2204, "hash": "60f10826d59487d692327524901f7dd3b084aba947ee77cdee42fa7edb9c96c5"}, {"path": "modules/matrix/mul/float/dspm_mult_3x3x3_f32_ae32.S", "size": 2126, "hash": "0c1cb0c53ec0f51772584c47889478827460809f7e17b72d93bb8e7f47d953ba"}, {"path": "modules/matrix/mul/float/dspm_mult_ex_f32_ansi.c", "size": 1561, "hash": "133ba9da61125add8a67e4a49339e928cfc4469dcdb392c834b1a12f2d8d4183"}, {"path": "modules/matrix/mul/float/dspm_mult_f32_aes3.S", "size": 4782, "hash": "36fbbe7aeb5302b172607c9fe8c16f6556ffe2e74b927f35c06b4f39300c473a"}, {"path": "modules/matrix/mul/float/dspm_mult_ex_f32_ae32.S", "size": 2580, "hash": "16f0ba1843fce01d991f572e970ace6aea4173ad428e3b23cb6ec032b6918641"}, {"path": "modules/matrix/mul/float/dspm_mult_ex_f32_arp4.S", "size": 3319, "hash": "04c6ea3f7faa37378fe29708503e90c4b858aa885fe441138e974b2cdc045e3c"}, {"path": "modules/matrix/mul/float/dspm_mult_f32_ansi.c", "size": 1166, "hash": "f11bfbd2f8700fbf709f46f784c43114dd7dd1c9819a4c0ed16e3df5d1178820"}, {"path": "modules/matrix/mul/test_sim/test_mmult.c", "size": 1480, "hash": "caff0a83b1291e3a45bc47614acc2c6d5351f2fbb264868f71a3e65cf01fa7a4"}, {"path": "modules/matrix/mul/test_sim/main.c", "size": 179, "hash": "7d22977ce739431bd203c1d4a53ec00c15332e459b849abfcc2c388606e10e1a"}, {"path": "modules/matrix/mul/test/include/test_mat_common.h", "size": 2085, "hash": "5a71f5d02c08ff7aa1168449b742df54cc1d4c0806e5c4242107e24358c09a33"}, {"path": "modules/windows/test/test_wind_f32.c", "size": 3612, "hash": "fcc18c0d5ed5e432206f12640f3f8483038d9b4d640579bf0e215b4c3744f769"}, {"path": "modules/windows/include/dsps_wind.h", "size": 892, "hash": "ac26d17e84cac5d88ef80f0f9ca26a3560dc6a89b64f31df625347e97ebf853a"}, {"path": "modules/windows/nuttall/include/dsps_wind_nuttall.h", "size": 1010, "hash": "c51f74c79b81bfd5c719385cfd45d75cdddd74bfff20debdb045a1cf9d96c975"}, {"path": "modules/windows/nuttall/float/dsps_wind_nuttall_f32.c", "size": 1155, "hash": "89142d43f40d035ae31bd105e9dd1ccc2756dddc052b9cb7f3f1d81fe20a89a6"}, {"path": "modules/windows/flat_top/include/dsps_wind_flat_top.h", "size": 1016, "hash": "2316256fe5c1bc95d2f6da032e647b85f89b23cea4dc35716179473d6ff9e4a4"}, {"path": "modules/windows/flat_top/float/dsps_wind_flat_top_f32.c", "size": 1258, "hash": "1cc340c9fe29ee7b7aebd1959a42fbac37ceacfb1da2943df3f36fba35ecc994"}, {"path": "modules/windows/hann/include/dsps_wind_hann.h", "size": 992, "hash": "77c777fc558d8fc4e27f90c1ede0669e43c28cf9dedb82fc61ec106483f57dff"}, {"path": "modules/windows/hann/float/dsps_wind_hann_f32.c", "size": 892, "hash": "b05d749eecc268e252247d12b59a06de4f7e4a80d4aeb1fa793f069069248058"}, {"path": "modules/windows/blackman_harris/include/dsps_wind_blackman_harris.h", "size": 1058, "hash": "54d22e065290f37084f81932dffa9e79a2fa00fdfdc4ab0408f19d4baf8808dd"}, {"path": "modules/windows/blackman_harris/float/dsps_wind_blackman_harris_f32.c", "size": 1167, "hash": "b521bcd365102822af1d4ba0d3b55e9df90452d3c39e337c82b062002d9a8b4d"}, {"path": "modules/windows/blackman/include/dsps_wind_blackman.h", "size": 1033, "hash": "abea49be504686d3a63f3b01aec0296447d6e72a3de51ed7b29c10f48511cd0b"}, {"path": "modules/windows/blackman/float/dsps_wind_blackman_f32.c", "size": 1016, "hash": "69a23a7405fae1a8fcb0315775d2e22a4a0db54a228e4e63bc1d3730c6081831"}, {"path": "modules/windows/blackman_nuttall/include/dsps_wind_blackman_nuttall.h", "size": 1064, "hash": "a4a289765648fc8498630e92dc9aa3a2f557d075dc2c332fdae4a96a33d2a292"}, {"path": "modules/windows/blackman_nuttall/float/dsps_wind_blackman_nuttall_f32.c", "size": 1177, "hash": "ec48747e9b7994dc62484e06bc90f663e9b24360cda9e0847338f8438bfdc54c"}, {"path": "modules/fft/test/test_dsps_fft2r_fc32_ae32.c", "size": 4871, "hash": "fbf523071059fb314854970c194f09781a37815d3f55669088659692182f6f63"}, {"path": "modules/fft/test/test_dsps_fft2r_sc16_ae32.c", "size": 6239, "hash": "2b77e703ec0b3c4a8ddb6e32874393892b5e09e9cb8563dd70a93b04b575028e"}, {"path": "modules/fft/test/test_dsps_fft4r_fc32_ae32.c", "size": 5779, "hash": "c8c93fe40c0e29befd27fe727a9bb31f7e8b5282e133aad22bfa3e7cdd3c4999"}, {"path": "modules/fft/test/test_dsps_fft2r_fc32_ansi.c", "size": 3845, "hash": "d8d0054760690e24fccc324aad7090b984023425a0c4159f732803182998ea75"}, {"path": "modules/fft/test/test_dsps_fft2r_sc16_ansi.c", "size": 4270, "hash": "73c8e88b7e4ebd928c0ffadf02dadb8e1c3a226e7839ce0caaf7b6772aab4455"}, {"path": "modules/fft/test/test_dsps_fft4r_fc32_ansi.c", "size": 6848, "hash": "1f77d51d8653ce8d245fe3e3d8828970cf3a73c33688c65b5dd556d913bc1eb1"}, {"path": "modules/fft/include/dsps_fft2r.h", "size": 9572, "hash": "c4a1a7111859fb503fa1068bfa8d985d0cbec3710329424c4d52087b2dde6dbe"}, {"path": "modules/fft/include/dsps_fft_tables.h", "size": 2909, "hash": "6aef7ca9d1f674770c9f646b725b752c4bb246c5d5ea8880dbd4821208f37a76"}, {"path": "modules/fft/include/dsps_fft4r_platform.h", "size": 1161, "hash": "d72e57632e97e06d8be9068db1bafa61cf3526474a1f3b747e6ccc4e8917c746"}, {"path": "modules/fft/include/dsps_fft4r.h", "size": 7462, "hash": "510fa76ce53f2c03322f65744b27202b0cba83ec74eb06df623c672db67341a3"}, {"path": "modules/fft/include/dsps_fft2r_platform.h", "size": 917, "hash": "f8c8ec359abe829ca12e047ce3e5ba449957b1c612c0876555251d6858e47262"}, {"path": "modules/fft/fixed/dsps_fft2r_sc16_ae32.S", "size": 6295, "hash": "b21c480819194dee978152efb679dabbcb07015436ffa8c5b68565ed0066acae"}, {"path": "modules/fft/fixed/dsps_fft2r_sc16_arp4.S", "size": 4459, "hash": "9b2823715b75a8438cb931f9940405173f5f40e432a1ccedddc10afa07374389"}, {"path": "modules/fft/fixed/dsps_fft2r_sc16_ansi.c", "size": 9426, "hash": "5811ef592935a07c24f7e59f955b1dc34b5a1182dfc94e74e8c1be2eb370048a"}, {"path": "modules/fft/fixed/dsps_fft2r_sc16_aes3.S", "size": 5878, "hash": "a0c0fa11ac44cb5862633347838737083e4a7a0eea2593e418f50f153fda3684"}, {"path": "modules/fft/float/dsps_fft4r_fc32_ae32_.S", "size": 7631, "hash": "3c771f6af6e83174f968bd9c2856844c6e9557eb495de2cdfdfc32fbb0bef04f"}, {"path": "modules/fft/float/dsps_fft2r_fc32_arp4.S", "size": 3118, "hash": "a5ecc890827802c0ffaf30f61c15d952d5b519b9be6bc083f87e4b104fd710a6"}, {"path": "modules/fft/float/dsps_fft4r_fc32_arp4.S", "size": 6414, "hash": "865a80f593de49d4d9a7bfa185762656c024e52635f6c7e79945394a6ec4c2d9"}, {"path": "modules/fft/float/dsps_fft4r_fc32_aes3_.S", "size": 7456, "hash": "49f64870a59f88da8f645ada1bd36764c1864d1c715a7cc2a74c0ac89f3b4b38"}, {"path": "modules/fft/float/dsps_fft2r_fc32_ansi.c", "size": 10335, "hash": "10e9d9916c691a8bc61df0d6cf91c9c4d7ee98240e64dbf059991dac340d3d8c"}, {"path": "modules/fft/float/dsps_fft2r_fc32_ae32_.S", "size": 3678, "hash": "461ae3c570a23ec5021be19dcba1875eab056bf95a6a896393f2805b461975b4"}, {"path": "modules/fft/float/dsps_fft2r_fc32_aes3_.S", "size": 3655, "hash": "b1a6492aa397fe8f3563d738e258c6a1fd7cf9efc276b33b3a0a3dd7f3647548"}, {"path": "modules/fft/float/dsps_fft4r_bitrev_tables_fc32.c", "size": 38087, "hash": "b46bc5b5d3d0532fb586734bca2e56c58cc3a4d65169fa8085d1891d93406a63"}, {"path": "modules/fft/float/dsps_fft4r_fc32_ansi.c", "size": 10216, "hash": "bebc2d5729de5a64055d7eceb8ab4105d729435366ad9f18798613c7b1a22c50"}, {"path": "modules/fft/float/dsps_bit_rev_lookup_fc32_aes3.S", "size": 1699, "hash": "9d173b7a1af6688ab130fd9eae460f894c05146de15c883c076ba88e556d900a"}, {"path": "modules/fft/float/dsps_fft2r_fc32_ae32.c", "size": 3893, "hash": "a33fd400a43fef6d3013ae306179022131ed10191044543e50eee2b0aa309f51"}, {"path": "modules/fft/float/dsps_fft2r_bitrev_tables_fc32.c", "size": 55509, "hash": "5aeffab252b3d597e33c51eee072fac51ac1d1e83187c6a4ae1c89f2cedd7386"}, {"path": "modules/fft/float/dsps_fft4r_fc32_ae32.c", "size": 5978, "hash": "1351148c641ce340074ad27609b85886bc24563f55349c5c37e7a9e050077d80"}, {"path": "modules/fft/test_sim/main.c", "size": 218, "hash": "89b43c06e0f77286c6fb17f692c3f9a64ebc0d1aba0224b62b5ae4b70d139d0a"}, {"path": "modules/fft/test_sim/test_fft2r.c", "size": 1931, "hash": "277748ed238f811ac0799d58be005739d523568a1cac5501bd795ab252bbdc9b"}, {"path": "modules/dct/test/test_dsps_dct_f32.c", "size": 5122, "hash": "db8fcc27078197767a676b08de557855be5efb84610ca318762eb3565f04d061"}, {"path": "modules/dct/include/dsps_dct.h", "size": 4593, "hash": "1d1490e9bad6d7e913fe3a8a6edb7a4682cf716918eba682c5b3e7266338d0b5"}, {"path": "modules/dct/float/dsps_dct_f32.c", "size": 3219, "hash": "8c82cd785f8e1b879208de6cfd4da4b81f489036fc9e4e1a2d266f232208b044"}, {"path": "modules/dct/float/dsps_dstiv_f32.c", "size": 3167, "hash": "f911682db3b59021176dfccf334dcef255a9a8744fb57153919547f7f02cfe7d"}, {"path": "modules/dct/float/dsps_dctiv_f32.c", "size": 3228, "hash": "7d4393b06cc09b9b5c90398fd4ea5ab032a538cbe9f40f71fdde533506dc065f"}, {"path": "modules/kalman/ekf_imu13states/ekf_imu13states.cpp", "size": 9242, "hash": "84cc2cc2eb2082a6d58a0f12468e4eb551dcc28460ffb20e030ce968649aedbf"}, {"path": "modules/kalman/ekf/CMakeLists.txt", "size": 104, "hash": "e5c3b81ca6f8e9744bf601549c3df1ae8f6e29dad890215472cbed4cf0283cff"}, {"path": "modules/kalman/ekf/include/ekf.h", "size": 6736, "hash": "9f5ca91f4f7a4af8ceae924617dde4b968896eb06550c69b5fddfc10560f4db3"}, {"path": "modules/kalman/ekf/common/ekf.cpp", "size": 12171, "hash": "2d48d04d8908c07d26c88ece14f0862b717f8be03f0226ad051936180b2a05d2"}, {"path": "modules/kalman/ekf_imu13states/test/test_ekf_imu13states.cpp", "size": 2643, "hash": "a5d610a41d359e431ceec64f886e0b14c5d1eaa0ba532c98638288774fc7f4bb"}, {"path": "modules/kalman/ekf_imu13states/include/ekf_imu13states.h", "size": 3810, "hash": "ecd4c68ee2ce2c9f63b9f0663659115fbe8196f4fefb468f32d9cee89d9d2b6b"}, {"path": "modules/kalman/ekf_imu13states/docs/README.md", "size": 2648, "hash": "69be2fa7ddc48e3fb1f1296cfdec2f136f142a20347b1750ff47c41aa03f25ce"}, {"path": "modules/support/misc/dsps_d_gen.c", "size": 959, "hash": "b0f518ec5c27322d9b7fb7390c7fc56a0a5f0cc13a1c61c1301fe87cd32e7986"}, {"path": "modules/support/misc/dsps_h_gen.c", "size": 1007, "hash": "ce25585a3b4f2a2f91faeb6a79d56df738f6e70373f80b83af072e7969ce8691"}, {"path": "modules/support/misc/dsps_tone_gen.c", "size": 1217, "hash": "650cc6001549bc98cb8ccbfe4cff98870d5f477c870b4a70102cae127822dfd5"}, {"path": "modules/support/include/dsps_h_gen.h", "size": 1260, "hash": "12beb9c6205d77ce9686153fa40c9ed8c2507cab5dad8671f83dd452035bddff"}, {"path": "modules/support/include/dsps_snr.h", "size": 1635, "hash": "2a26993141ad3a9c9111a46b89137ceecce679b3bbea3b3d34fda3880c502f01"}, {"path": "modules/support/include/dsps_sfdr.h", "size": 1636, "hash": "10217d87caa2a5c39965d1bace5a3a31ba4fff56736142682f9a68f20200db63"}, {"path": "modules/support/include/dsps_tone_gen.h", "size": 1332, "hash": "6c7a3800b311a9b87ccfe1413e63e7d920432a6a88e867c757a553b04d8e6b97"}, {"path": "modules/support/include/dsps_cplx_gen.h", "size": 6811, "hash": "b1a6902e9e9b4facb61dc839dd01d7a4ddc0739da8c1e999a065bd88f63520c9"}, {"path": "modules/support/include/dsps_view.h", "size": 2031, "hash": "8c4cbf6d17aebe1893c62cad9d136459ebc8964adcdf8d5133745766ec8b9565"}, {"path": "modules/support/include/dsps_d_gen.h", "size": 1276, "hash": "af44ac21b7db0f1e951129be82bc69de2fbe8fb623ec2197762c78a9bc0c91cb"}, {"path": "modules/support/include/dsps_cplx_gen_platform.h", "size": 701, "hash": "f8a5fddbb264b155d08faa4948bc9d28ce2bc09bc08ad0e0fd3cfc381682f574"}, {"path": "modules/support/cplx_gen/dsps_cplx_gen.c", "size": 1131, "hash": "678bf5431cbd29c3594313ef6607a97255da6bd2f63e60f812bf44490d5714e1"}, {"path": "modules/support/cplx_gen/dsps_cplx_gen_init.c", "size": 4995, "hash": "eb85f4bf7edf9f5538caccd22e134c3aa8452fdca43f1560c71afa3f137808b3"}, {"path": "modules/support/cplx_gen/dsps_cplx_gen.S", "size": 5412, "hash": "e23ad597532c61ff557226e726d2e4ac76d76a95dd47331d81a45bae0e37bf15"}, {"path": "modules/support/view/dsps_view.cpp", "size": 3944, "hash": "65071b6454b3c672bfd9ed96ebb56a9910cea395e30e5fa50e19a6bbed8b3393"}, {"path": "modules/support/mem/test/test_dsps_memcpy_memset.c", "size": 29653, "hash": "0cde7c20828468b3de46c44bc23e3e8c25a1d852cfc58c2e43439fd81c1479c4"}, {"path": "modules/support/mem/include/dsps_mem.h", "size": 1478, "hash": "83a0604f6fe4a0fc137101bf21d26f96fd1716d50789c7916147dbf216d56e8e"}, {"path": "modules/support/mem/include/dsps_mem_platform.h", "size": 435, "hash": "4bd1987b5980ea4a36923876ea53208fc7ba344eacc5e8893200b567d4f94f1c"}, {"path": "modules/support/mem/esp32s3/dsps_memcpy_aes3.S", "size": 20165, "hash": "52c435175af8c5c8204bb4a9de83976591692ab59367585b38937e0741cd8759"}, {"path": "modules/support/mem/esp32s3/dsps_memset_aes3.S", "size": 13626, "hash": "08d6388a8f1c10a2f3536d6926415629aa536720cf95bb3d18a11ab3fa379b0e"}, {"path": "modules/support/view/test/test_dsps_view.c", "size": 1065, "hash": "8acc8d4114fffd2ad4dd92c3fb751de86ef83ed5555fd164a576d7f1a5c6d62a"}, {"path": "modules/support/cplx_gen/test/test_cplx_gen.c", "size": 10352, "hash": "fabfc28c5f63f9d300f696172e3e70b18763d0cb43b0eb2a9138752fb6978144"}, {"path": "modules/support/snr/test/test_dsps_snr_f32.c", "size": 1386, "hash": "556b08136b11fde7b22dcadb8e4a42c797f7a623e87aea2614f29eebb210045c"}, {"path": "modules/support/snr/float/dsps_snr_f32.cpp", "size": 2633, "hash": "7fe5489b48c4b6dfab244f2c93cea77bd51ddbbb598fea4326468159e4d23f86"}, {"path": "modules/support/sfdr/test/test_dsps_sfdr_f32.c", "size": 1373, "hash": "41702428c35f26aaac0e8de017c93cd7c06551eec8e100564c82c3ea86b1f2f5"}, {"path": "modules/support/sfdr/float/dsps_sfdr_f32.cpp", "size": 2443, "hash": "b7107c37b80ea4aa2a17bed15f4ffae74123604a94b4ac3dd7161a7393526907"}, {"path": "modules/common/misc/aes3_tie_log.c", "size": 5459, "hash": "d33daed1c38c843be1d28615838f8a5a2c25aeb2669e93b36f3fe4411a80c054"}, {"path": "modules/common/misc/dsps_pwroftwo.cpp", "size": 890, "hash": "dd9a641a850218a47410fd4083032258e688bec03f6a2cfdf99e71fccc092a29"}, {"path": "modules/common/include/dsp_platform.h", "size": 1002, "hash": "dd0c98be7565c00fd54d2a6074fbb6a1112fa21aa94be184b40e2e5cb6cde482"}, {"path": "modules/common/include/esp_dsp.h", "size": 1443, "hash": "7d7193450f432b6f28bb26ef56dd1cde5854b2885c8ffc115b3d510b5fbf3ca6"}, {"path": "modules/common/include/dsp_types.h", "size": 938, "hash": "8f499d079ed12a68725adf98a4681eee3c23da5a615b3ea7bdf903a54843dac9"}, {"path": "modules/common/include/dsp_tests.h", "size": 1410, "hash": "edadc718e91bacdffaaf0edb7a6e72be72c937e60e19766a5d5b93aa99497aa8"}, {"path": "modules/common/include/dsp_common.h", "size": 2321, "hash": "c37997972d8b0cb206dc23bdd2e51d3b68a19b1ec490445d30c5207bc42b303e"}, {"path": "modules/common/include/dsp_err.h", "size": 752, "hash": "a3f4d7382e0214db6b84881181913d5e8f78f874895adda836bb1fd38ee29256"}, {"path": "modules/common/include/dsp_err_codes.h", "size": 1228, "hash": "949c15c39cad0e26ed510c0e45c05e77524f343c98a11eb6d779ef579423e90a"}, {"path": "modules/common/include_sim/esp_log.h", "size": 791, "hash": "c3681fb6edc0e21686e1260f7187d62df67630ef5f8c011b71a5a8650d883828"}, {"path": "modules/common/include_sim/sdkconfig.h", "size": 69, "hash": "cf5d831351e9374ab28b6be6dae1eacb84d1d1a49319e2ca632985fc1812cac0"}, {"path": "modules/common/include_sim/esp_err.h", "size": 879, "hash": "8e2f7447ba0ce2415ac6835fa6ced4b3e59f35645cbe049ee038ef2c882c04e1"}, {"path": "modules/common/include_sim/esp_attr.h", "size": 756, "hash": "8da9eafef7b82612199465ccf4ca79b9652d5dc0d3188177446ef894cf345794"}, {"path": "modules/math/include/dsps_math.h", "size": 824, "hash": "d07b8ffdf64b96c17ed00c959f9ffddd49687ee00d96f8afbb1e91704906f1e4"}, {"path": "modules/math/add/test/test_dsps_add_s16_aes3.c", "size": 1536, "hash": "a2e77b851f1a27d79412295f546a3a51a4b033f715a4591e4fb3ed1431c7cf18"}, {"path": "modules/math/add/test/test_dsps_add_s8_ansi.c", "size": 1195, "hash": "b8ff4ce9ab66b03ce39704f2bc4df0f0c090ba768a64df6415cda6105c0778f3"}, {"path": "modules/math/add/test/test_dsps_add_s16_ae32.c", "size": 1341, "hash": "3b385cec7d3751d2c5c9324fc728512c51fd2214a2be6f483df823ed519cef38"}, {"path": "modules/math/add/test/test_dsps_add_f32_ansi.c", "size": 1885, "hash": "46b971883de581b959a9edda7eddb0c1b201e05d839904d3c75a8219f5696406"}, {"path": "modules/math/add/test/test_dsps_add_s8_aes3.c", "size": 1525, "hash": "3cfa8820cc9d085a9ca1c9a1ccc66962d05b8744b71d85edf67c38111d09be05"}, {"path": "modules/math/add/test/test_dsps_add_s16_ansi.c", "size": 1200, "hash": "d4a0d19e635e1bf8af842238fcc054a2a20c08f4ae58e4880bfc179a317705c4"}, {"path": "modules/math/add/include/dsps_add.h", "size": 3149, "hash": "204e8121c54543327aba207286d877eb808dab01610497448ba587675b72aff9"}, {"path": "modules/math/add/include/dsps_add_platform.h", "size": 637, "hash": "040ab19808088f5009c938a936a60392d70d704debac867766d5a496dd8725ba"}, {"path": "modules/math/add/fixed/dsps_add_s16_ansi.c", "size": 717, "hash": "066cfaa46d7bf9503cc7cfa95bedb97806808c6daa7975b11e206d31268ea5b3"}, {"path": "modules/math/add/fixed/dsps_add_s16_aes3.S", "size": 3232, "hash": "e67e34e2fcf408858af6ace4f7daa6d73a24d7a61888a28290f9b25bbe71fd8d"}, {"path": "modules/math/add/fixed/dsps_add_s8_ansi.c", "size": 707, "hash": "4fccf478905d8db9dd218fe81cd3226486e3003df986605a0bd7014a4d1b1455"}, {"path": "modules/math/add/fixed/dsps_add_s16_ae32.S", "size": 2494, "hash": "07c4ca8203a3c59d3fae034f0c6357fc93c6e48f0ad92f5e21943ddea5ab0bde"}, {"path": "modules/math/add/fixed/dsps_add_s8_aes3.S", "size": 2962, "hash": "db54dfb2ddf11cc780374943de9316aa9fe4dc317005a5a960486eb5ee488530"}, {"path": "modules/math/add/float/dsps_add_f32_ansi.c", "size": 1141, "hash": "cc15f7c4de7f1ba7263ad5d326299b12efc736adac52ce9c9fb7e84816a6e364"}, {"path": "modules/math/add/float/dsps_add_f32_ae32.S", "size": 2053, "hash": "12a84edbba2ecadd397d31f338f478cd262292f3c9f2f172d9327b7ac55667c4"}, {"path": "modules/math/sub/test/test_dsps_sub_s8_aes3.c", "size": 1524, "hash": "3773ae68f85598773584dd44b33d6a86aac1e5d5a7c560d3c528fc1ba2eeec69"}, {"path": "modules/math/sub/test/test_dsps_sub_s16_aes3.c", "size": 1535, "hash": "0eaafaaf02655c77c12c3a0f9c7ed5e518b851f7211da0085113e2ac31908130"}, {"path": "modules/math/sub/test/test_dsps_sub_f32_ansi.c", "size": 1959, "hash": "6d69edc676441ff5feffd7be929ed7027e6d81e0349fe35c58e1f902fa1a4b31"}, {"path": "modules/math/sub/test/test_dsps_sub_s16_ansi.c", "size": 1265, "hash": "d24dca769678435eba3421a0189f8727930ef2612b295f4209f6210e81c4000a"}, {"path": "modules/math/sub/test/test_dsps_sub_s8_ansi.c", "size": 1195, "hash": "ecfb9ad072326d0ddef5feea1327f26951475a826f79cd1174446e9cd42347b0"}, {"path": "modules/math/sub/test/test_dsps_sub_s16_ae32.c", "size": 1334, "hash": "aaa7f2589433a2385ff3e54cf984a05dc554a9201094f350989a4ffc10c6eb75"}, {"path": "modules/math/sub/include/dsps_sub.h", "size": 3145, "hash": "62aad965c650568f3c20708d1926c443366dde6ce57b9ae47aa6536eecdca2cf"}, {"path": "modules/math/sub/include/dsps_sub_platform.h", "size": 601, "hash": "683580efdf928c8b162d87ddf5135bdabf996ec8689ee88d712fa1f36d24a229"}, {"path": "modules/math/sub/fixed/dsps_sub_s16_aes3.S", "size": 3231, "hash": "f2e854ca589a7bd084a9764ba3c1a3ac70335ccef1f2c65d4f6b477c2e84a25d"}, {"path": "modules/math/sub/fixed/dsps_sub_s8_aes3.S", "size": 2962, "hash": "a67352319278a32374168a724cd8ea15f83ce5238adeb95683a353f8af667697"}, {"path": "modules/math/sub/fixed/dsps_sub_s8_ansi.c", "size": 707, "hash": "364c4aee6b7c8113ec2d0ed9e2b018e09981ea24db3a1cc14b85d521bf5c05f8"}, {"path": "modules/math/sub/fixed/dsps_sub_s16_ansi.c", "size": 711, "hash": "fe08b1567559dbbf253bc12d108aa96361d03e812ec5e71649c2605f1b4b93a4"}, {"path": "modules/math/sub/fixed/dsps_sub_s16_ae32.S", "size": 1992, "hash": "62363fc0bf952c14b4b6d2efc5513d6cf8af58137938aa7c4da0879e2cbfe062"}, {"path": "modules/math/sub/float/dsps_sub_f32_ansi.c", "size": 1141, "hash": "7e69f16f5ae7106ed04cc0824b80155140a6724e0b761c256c1bfb965baa0077"}, {"path": "modules/math/sub/float/dsps_sub_f32_ae32.S", "size": 2053, "hash": "e5e2a909e95c0d364acf309772bc5593f2f0e4c8b02fedc2e4026471c905dace"}, {"path": "modules/math/sqrt/test/test_dsps_sqrt_f32_ansi.c", "size": 2949, "hash": "53805ff348f24a04295522c5f999db7faaf544af0e3febd0814e4284423e64c6"}, {"path": "modules/math/sqrt/include/dsps_sqrt.h", "size": 2378, "hash": "1cd6e0aa59d2952cc57f564cbc2712a227958a17fb8fcc2fb60f68e1f2bc619b"}, {"path": "modules/math/sqrt/float/dsps_sqrt_f32_ansi.c", "size": 1575, "hash": "482a5a720389379db034411a7e5e4b22b07a7005281aee45b6c967bcd885c60d"}, {"path": "modules/math/mulc/test/test_dsps_mulc_s16_ae32.c", "size": 1696, "hash": "173e0016a060370df2fa9a08bed85c883e890ce4da80afa275f21030f04051d0"}, {"path": "modules/math/mulc/test/test_dsps_mulc_s16_ansi.c", "size": 1711, "hash": "8d62c89bd61c2502a16a8695f024571c4003f5736462a6a1d210e43c27d58d1f"}, {"path": "modules/math/mulc/test/test_dsps_mulc_f32_ansi.c", "size": 1887, "hash": "f6bd58213a41b2c79252e98ef1b50ec67b04fa7d809e6b3499043787aac4e8d9"}, {"path": "modules/math/mulc/include/dsps_mulc_platform.h", "size": 446, "hash": "9d19639a45a4ae9c70687a04ef421cb2a437bf0a6bd523cd838a9956d0df11f7"}, {"path": "modules/math/mulc/include/dsps_mulc.h", "size": 2291, "hash": "86638fa090c4bb217218ea8ec994de7ff44ab47c500d8fe8a5b82db8ecc4eae3"}, {"path": "modules/math/mulc/fixed/dsps_mulc_s16_ae32.S", "size": 2481, "hash": "7df5b165efb6f352426d877cf1a038a0f80f1715380842aa33f84a6d6e3479d1"}, {"path": "modules/math/mulc/fixed/dsps_mulc_s16_ansi.c", "size": 1096, "hash": "447e308234070b93826049da8f76fabb552b127349e4226ee9a33c3722bb410b"}, {"path": "modules/math/mulc/float/dsps_mulc_f32_ae32.S", "size": 1777, "hash": "75d6637d248c73af004e8aed3ce352dfb82c0a930c938caa4491466a524fb435"}, {"path": "modules/math/mulc/float/dsps_mulc_f32_ansi.c", "size": 1028, "hash": "a32d213288339b419708b80cc96d56fb6fc9245751557598794592a66d6ab9c0"}, {"path": "modules/math/addc/test/test_dsps_addc_f32_ansi.c", "size": 1888, "hash": "2d455cf781e8455b3077de906e43737e24e24a345ca249814a066f2bac959b99"}, {"path": "modules/math/addc/include/dsps_addc.h", "size": 1867, "hash": "33e81404ac5c03dc3ea3ab7de6ec5e7bc37892c4f3cac2a1bddf82bae3603d9d"}, {"path": "modules/math/addc/include/dsps_addc_platform.h", "size": 339, "hash": "85e7bfbf8d2657d3621a5405cd4b1c17540a7878526204eba43469031a235f32"}, {"path": "modules/math/addc/float/dsps_addc_f32_ansi.c", "size": 1028, "hash": "ca1992c1da208c7fec9e8bee43414416ff0cd93db3eb9da3b9a5f355dc2082fe"}, {"path": "modules/math/addc/float/dsps_addc_f32_ae32.S", "size": 1777, "hash": "7b4d35658c096abc9be9b1940217a8d33cb01ca47ca7c488e9046e8ad01cc04d"}, {"path": "modules/math/mul/test/test_dsps_mul_s16_ae32.c", "size": 1736, "hash": "2370802e4669d764893d5d5ba0cde6efa217829215986b73fbba5e69a47ab1f4"}, {"path": "modules/math/mul/test/test_dsps_mul_s8_aes3.c", "size": 2025, "hash": "b1a0daf6c32f171de5b60d096d5df376df195fd02ca08e98a7305fa149e8672d"}, {"path": "modules/math/mul/test/test_dsps_mul_f32_ansi.c", "size": 1885, "hash": "3bec5d6dfd48c56784ab95007f5745117c38db9eba288407e594d428f8d426bd"}, {"path": "modules/math/mul/test/test_dsps_mul_s16_ansi.c", "size": 1956, "hash": "28a108a3e51c9fb4869b330b98ae6d05eaa85f9fef4d30f0edd73d2c5257435d"}, {"path": "modules/math/mul/test/test_dsps_mul_s16_aes3.c", "size": 2037, "hash": "8a14b4a43e52cc4a4e0b6665b032f6056f9a98ba6929661628f7d1a35f8ae0ae"}, {"path": "modules/math/mul/test/test_dsps_mul_s8_ansi.c", "size": 1696, "hash": "d3da0f1becf648eb9c5174e7f5d61e5d4c21e106474b667f6f84183e244cddb5"}, {"path": "modules/math/mul/include/dsps_mul_platform.h", "size": 601, "hash": "3f85ab8abdc00759c62442f91e619631f6d941b3749ee4c49ebd79853ad4bee0"}, {"path": "modules/math/mul/include/dsps_mul.h", "size": 4006, "hash": "fbb07b63a1dd7f6e6a0ba6f92ee89e208e58298be7964e5475909f2a54dcf735"}, {"path": "modules/math/mul/fixed/dsps_mul_s8_ansi.c", "size": 707, "hash": "79e9c710e48990e3a069865fbd20353563351f4713fa2e029295a9cd55220e4e"}, {"path": "modules/math/mul/fixed/dsps_mul_s16_ae32.S", "size": 1993, "hash": "9a3c85d2ea170ad3693a82c5b8a724d079a6409e4c086a30692e86a7ffe919f5"}, {"path": "modules/math/mul/fixed/dsps_mul_s8_aes3.S", "size": 2961, "hash": "044c7e0f1d3ec866f110513ba959f50054b9c39e3f0abc14802f712ebade704a"}, {"path": "modules/math/mul/fixed/dsps_mul_s16_ansi.c", "size": 1200, "hash": "ac4dc90315b23c296d100afa909e61a94aefdf1cc7a88fc0500a350b3fbc6b09"}, {"path": "modules/math/mul/fixed/dsps_mul_s16_aes3.S", "size": 3230, "hash": "d1c98ce11da7bc2d7de310cce5c527cf07af5a494aaf5f04ef1980234ea997d2"}, {"path": "modules/math/mul/float/dsps_mul_f32_ae32.S", "size": 2051, "hash": "197e5835c956cfed993b82bbc41af353b27f34a03510f96f2cc4e3ff2b8c202c"}, {"path": "modules/math/mul/float/dsps_mul_f32_ansi.c", "size": 1141, "hash": "95888327d1d3a83d1dac1e199e28a33d1107113507d33d30ac61d73eda71ac55"}, {"path": "modules/conv/test/test_dsps_corr_f32_ansi.c", "size": 2393, "hash": "5644e5e2fbdb26bd3b19e9d130fca6f32f9c1ea1a591ca625475df86b61cf834"}, {"path": "modules/conv/test/test_dsps_ccorr_f32_ae32.c", "size": 2500, "hash": "41ed6948b416a41ac785b599a11ee700d6b30cee1c53955cc8d959ca254ae26b"}, {"path": "modules/conv/test/test_dsps_corr_f32_ae32.c", "size": 2490, "hash": "c55476ca6e033e79641a22809ea06b698bab81a8dd2b2ed4f86ee0329072a7a9"}, {"path": "modules/conv/test/test_dsps_ccorr_f32_ansi.c", "size": 3512, "hash": "6756c573d4176c70c01609e113a2a2c82a89fa4902953e1115e3fe329fa6a98c"}, {"path": "modules/conv/test/test_dsps_conv_f32_ae32.c", "size": 5077, "hash": "46acd5a1e2fe12bcaab4ec9502699c0ae9e651994fc990514ecc2305fe6c5741"}, {"path": "modules/conv/test/test_dsps_conv_f32_ansi.c", "size": 4943, "hash": "689f78ae01cf027f91f535995e5fa3725d31b7f9c18da83c5b608823804b3acd"}, {"path": "modules/conv/test/test_dspi_conv_f32_ansi.c", "size": 4544, "hash": "6d9e64b8a9e807a7bce58e79b424d52ebd1daa0877e829bfb2bd747542a7e4e9"}, {"path": "modules/conv/include/dsps_conv.h", "size": 1887, "hash": "d119a4c32f7374c47becead7817e0f0da3443736395020f036ffa4eb3dcde07b"}, {"path": "modules/conv/include/dsps_corr.h", "size": 1968, "hash": "0f448396d639e3e6f76af1c96a6d176214fe53a7fbad9999d3fb9cf94528bd67"}, {"path": "modules/conv/include/dsps_ccorr.h", "size": 2033, "hash": "a75be53ba57820346eb1b2fa6e005a55d8580dfe99039cd92953b9a9f293f1f6"}, {"path": "modules/conv/include/dspi_conv.h", "size": 1558, "hash": "ace2a1960a3bf1708c19eef2f49646ba0c977179e97967771ed39b5ecaa12be9"}, {"path": "modules/conv/include/dsps_conv_platform.h", "size": 415, "hash": "8dffdef9192d652d0266687d3c6827577a3e26d6c4812641c333b5620fa0ebbb"}, {"path": "modules/conv/float/dsps_conv_f32_m_ae32.S", "size": 1309, "hash": "db5fd4c19ba420c32310279823a5f505c47df32f2b8022f4eb713bc1072364b0"}, {"path": "modules/conv/float/dsps_corr_f32_ae32.S", "size": 2238, "hash": "172e94f8bca2821133f3a512849c3936fe2690b3cd66a63f1ab5c0579b9eae11"}, {"path": "modules/conv/float/dsps_conv_f32_ansi.c", "size": 2306, "hash": "516ea546958d6683b2d3ca7115bce0f2ca2cf7626a7b15517d16b8a6d0dc7e6c"}, {"path": "modules/conv/float/dsps_ccorr_f32_ae32.S", "size": 3715, "hash": "af95f13deec06c24e187becc6c3d205f6808ec052d0545d89bb1a02b61555c16"}, {"path": "modules/conv/float/dspi_conv_f32_ansi.c", "size": 8165, "hash": "be6068ae1e4e51c48076e9338d99303894f6ce47f3ce296abbd7b25611f8e38b"}, {"path": "modules/conv/float/dsps_corr_f32_ansi.c", "size": 1314, "hash": "5b587964afa29fe40639a7c184ded7e22f9165476adc8c1f38bac036bcae0fd6"}, {"path": "modules/conv/float/dsps_ccorr_f32_ansi.c", "size": 2366, "hash": "4186fc645283a49b26739827b6deca876e9903dfb346f5b1bc36cb9ae08e5f51"}, {"path": "modules/conv/float/dsps_conv_f32_ae32.S", "size": 3716, "hash": "b322d233eed4730ce1d2263738d241b70dbdc7023b11167f6376628edb4e68c9"}, {"path": "modules/dotprod/test/test_dspi_dotprod_off_u16_aes3.c", "size": 4495, "hash": "ba2734a5ad0ba49aeeb256db1ab5424564b89627a4265b33b6e83805e9aacb12"}, {"path": "modules/dotprod/test/test_dspi_dotprod_u8_aes3.c", "size": 5068, "hash": "c036236e81d4cd9564887c7253bbec51e78c9f9c52615887b0ef053349e37167"}, {"path": "modules/dotprod/test/test_dspi_dotprod_u16_aes3.c", "size": 4348, "hash": "4bb762ec110d110c566cbae482399e214ebb23ac092fe59ef51417f501449d4c"}, {"path": "modules/dotprod/test/test_dotprod_s16.c", "size": 6789, "hash": "a87e7a5a53a15c432c94343084016b676edde699affcb5aa4c00732a916363a8"}, {"path": "modules/dotprod/test/test_dspi_dotprod_off_s8_aes3.c", "size": 5231, "hash": "04949dd6eec78ee7bce866ff2e2633c42b5011fb19668e9de43e44ce364a04a7"}, {"path": "modules/dotprod/test/test_dotprode_f32.c", "size": 4907, "hash": "65b7eb8bb951966a0991f7a5661ad5b6ac6b4ed112fc94b928ab9fe641aeadec"}, {"path": "modules/dotprod/test/test_dspi_dotprod_s8_ansi.c", "size": 2327, "hash": "5bbc8f9b37838f20b58f8b560171db8d78773dbc60124d5a1bb904c9806bb38b"}, {"path": "modules/dotprod/test/test_dspi_dotprod_off_s16_aes3.c", "size": 4480, "hash": "af044de4d15a2442262cdef057bc18dc68ef05ecca10691af092d956539a9a17"}, {"path": "modules/dotprod/test/test_dspi_dotprod_s16_aes3.c", "size": 4332, "hash": "65c049e43ed94ef44ff227b36c99520a1eae4f21552050f8fe4ebe895a26baa0"}, {"path": "modules/dotprod/test/test_dspi_dotprod_off_u8_ansi.c", "size": 2461, "hash": "436f1308151df5d7050ee86463346d66f6f8db58b9d8323834014031f244381a"}, {"path": "modules/dotprod/test/test_dspi_dotprod_off_s16_ansi.c", "size": 2452, "hash": "d03f2ff8d4e5d01c4f512bbb0a9516b0970121b1d58a6f870987e6a6ee944b55"}, {"path": "modules/dotprod/test/test_dspi_dotprod_s16_ansi.c", "size": 2371, "hash": "5077bc22c6d18ff8f7e852fd0e0218127634eb63ea44f017e752b71542c337eb"}, {"path": "modules/dotprod/test/test_dspi_dotprod_off_u8_aes3.c", "size": 5246, "hash": "546efd451dc546fb13d5f6de0f67d0fd4052406cc9ccb96d18cbbb29a62da3fb"}, {"path": "modules/dotprod/test/test_dspi_dotprod_off_f32_ansi.c", "size": 2396, "hash": "263edd837eaa45380306215ed7f42d2eddbda097f5e51ac3b123079e4adfeabb"}, {"path": "modules/dotprod/test/test_dspi_dotprod_s8_aes3.c", "size": 5051, "hash": "925756d46b9bf257e1f176af1c26f7475e767478ea723d20096b91eedaf17541"}, {"path": "modules/dotprod/test/test_dspi_dotprod_f32_ansi.c", "size": 2316, "hash": "e8e8536f0c44a5c38f72e336ed121c56dcc0562470891d1f26957fa1d6833c3b"}, {"path": "modules/dotprod/test/test_dspi_dotprod_off_s8_ansi.c", "size": 2448, "hash": "2fd0f88426b0e70aedf0032ca46f0022e3ee8d36c4e0125b316d82eb0f1357ef"}, {"path": "modules/dotprod/test/test_dspi_dotprod_off_u16_ansi.c", "size": 2485, "hash": "bd8fd65242ec66ad500e3bcaade9c195d5b28ea3523747feb013602c86c8b0cb"}, {"path": "modules/dotprod/test/test_dotprod_f32.c", "size": 4982, "hash": "a679e5f8af52d5536e59ab8d6acba322fdb153815fd8dc1a0574c937bfc62881"}, {"path": "modules/dotprod/test/test_dspi_dotprod_u8_ansi.c", "size": 2339, "hash": "9086d363f4b25848be3a2dda1e549ae9d2cfb6de4492ab1a1f3ccd3fcf0739f7"}, {"path": "modules/dotprod/test/test_dspi_dotprod_u16_ansi.c", "size": 2383, "hash": "b1ec0aa6de9c188df213f35c84f5496e0d7dc4388fdd0bcc15d5f72ec77689bf"}, {"path": "modules/dotprod/include/dsps_dotprod.h", "size": 4851, "hash": "288340a24ecebc64dee959be02c96275cd3ea4eceda8982fe6b3e32ec1a8ed3d"}, {"path": "modules/dotprod/include/dspi_dotprod.h", "size": 9676, "hash": "adec0e8344a8d574d46c8bb998ba30db89f9f0cb028c675d847a267106ba3fbb"}, {"path": "modules/dotprod/include/dsps_dotprod_platform.h", "size": 877, "hash": "69082a4a31f2c00fbf336efa557c931da0a3a548fdc197453c1c899af16cec12"}, {"path": "modules/dotprod/include/dspi_dotprod_platform.h", "size": 470, "hash": "f38ef10d919225ee790b075a57fdbf782fb9f8b870d51d2410ae06681fd72f47"}, {"path": "modules/dotprod/fixed/dspi_dotprod_s8_ansi.c", "size": 1793, "hash": "86a228c44c3474a665875a33f1e53fa743746f76bc65177a0f83aed066cfc6a4"}, {"path": "modules/dotprod/fixed/dspi_dotprod_off_u8_ansi.c", "size": 1838, "hash": "0e6b6928940205cac988b7e2e2e936cce31e5f16a9971c1d538fdd6394e420c2"}, {"path": "modules/dotprod/fixed/dspi_dotprod_off_s16_aes3.S", "size": 16956, "hash": "85f9b0b3230635a97bfa8e4904d7201088c4722a0090f860967e776ac9196373"}, {"path": "modules/dotprod/fixed/dsps_dotprod_s16_m_ae32.S", "size": 3555, "hash": "0653f1b1dda0f814afebc2f4ee47913668c8faf4f07f1e08f7f43910dbdccd63"}, {"path": "modules/dotprod/fixed/dspi_dotprod_off_u16_ansi.c", "size": 1845, "hash": "b91c2de4d7b82d959ba8423687568cc04f19ff46a2799b7e5f2af76593f4b69e"}, {"path": "modules/dotprod/fixed/dspi_dotprod_u16_aes3.S", "size": 14668, "hash": "5fe5671f71d69eb9c61d01a7d21e797c05c23f1caffc3b37620cb9df50c0c40d"}, {"path": "modules/dotprod/fixed/dsps_dotprod_s16_ansi.c", "size": 1143, "hash": "0e04fae36b054ac9c42dcc0e3b6f63657df94e1bf05f606bc04979e2ca62982f"}, {"path": "modules/dotprod/fixed/dspi_dotprod_s16_ansi.c", "size": 1799, "hash": "0725802f0081a288c54b0849258472a691d1d836022df973504cd8c204129144"}, {"path": "modules/dotprod/fixed/dspi_dotprod_s16_aes3.S", "size": 14933, "hash": "4eb6151f7349d3e246d83804cf07bf02e5b75729c89d7686df1143a994b576c3"}, {"path": "modules/dotprod/fixed/dspi_dotprod_u16_ansi.c", "size": 1804, "hash": "30723b2b81c5943c3eb36b4f51dac01847f2594d6c7af7a85f8f653b73c50696"}, {"path": "modules/dotprod/fixed/dspi_dotprod_off_s8_arp4.S", "size": 2851, "hash": "cce6cd190d5bd6a5908b6e4157a2e7ed2263ef1aa8153c37f169ae8c41a345dd"}, {"path": "modules/dotprod/fixed/dspi_dotprod_u8_arp4.S", "size": 2626, "hash": "5db540014863acbe883eb2e463b61b8535a426b42c511495491d8881c5bb2102"}, {"path": "modules/dotprod/fixed/dspi_dotprod_off_u16_aes3.S", "size": 17637, "hash": "bde6a653c7c2b29b8c9ebf0f5b60412fb18c49db613797b166445ec82a93a938"}, {"path": "modules/dotprod/fixed/dspi_dotprod_s8_aes3.S", "size": 14880, "hash": "3010d829a9417e418fac8665bcd0f89eeac491414756fe97e6d486e25f169413"}, {"path": "modules/dotprod/fixed/dspi_dotprod_off_u8_aes3.S", "size": 17039, "hash": "664098218a602b56d909c03bc95588560c757a0bf55f74230454126d1471d946"}, {"path": "modules/dotprod/fixed/dspi_dotprod_off_s16_ansi.c", "size": 1839, "hash": "046864534ca23b957fe7a21af6504f0a8f06a4500b2a420a63882c71346c47e3"}, {"path": "modules/dotprod/fixed/dspi_dotprod_u16_arp4.S", "size": 2718, "hash": "216e068427d11132964b64f737540d08fc017127216757a0a868c4f97dcce812"}, {"path": "modules/dotprod/fixed/dspi_dotprod_off_s8_ansi.c", "size": 1832, "hash": "828e55033a67b2b3ed6ab47ff6e925b429e09f394d469624bcbc95965710cda0"}, {"path": "modules/dotprod/fixed/dspi_dotprod_u8_ansi.c", "size": 1798, "hash": "ac28a930021ae4f46284558dfcbbe0709ce22a456631ff599a3234495c0ae024"}, {"path": "modules/dotprod/fixed/dspi_dotprod_off_s16_arp4.S", "size": 2928, "hash": "1c520270453c695bccf72515db810908984ce0c8bdac704757ca4be5479724a3"}, {"path": "modules/dotprod/fixed/dspi_dotprod_s8_arp4.S", "size": 2649, "hash": "cfff007d718f2e7f0bd83f7a116763b556843be99f1bf18eeb6486f40885b8c8"}, {"path": "modules/dotprod/fixed/dspi_dotprod_off_u8_arp4.S", "size": 2828, "hash": "96028851a3c8207ad458825f2cb0835f7c4463560aa1cc1945c54873bdb5891f"}, {"path": "modules/dotprod/fixed/dspi_dotprod_off_s8_aes3.S", "size": 17082, "hash": "395d3962ef6602c60f765e25ac3cd0672e77008cd074372a6528aaee3d24a74f"}, {"path": "modules/dotprod/fixed/dspi_dotprod_off_u16_arp4.S", "size": 2937, "hash": "c52fac6f6c322586663a857e7f51e24529088e71d3706427e3a955655c49984b"}, {"path": "modules/dotprod/fixed/dspi_dotprod_u8_aes3.S", "size": 14763, "hash": "388d90e0d045209bf692ef8f4d914a9c8c2051aec41af31dd7ec9004a4b0bbb9"}, {"path": "modules/dotprod/fixed/dsps_dotprod_s16_ae32.S", "size": 1893, "hash": "fcb30d399c9aaa268862078da87fab38e38da0154da54bd147706f36676235e2"}, {"path": "modules/dotprod/fixed/dspi_dotprod_s16_arp4.S", "size": 2713, "hash": "f5433cd808f1aad3b3ed42a7193b079a76eba02caa7685a1ec40b4187f8434b8"}, {"path": "modules/dotprod/fixed/dsps_dotprod_s16_arp4.S", "size": 2214, "hash": "b0990a16ee373aa9b4b9ab2bc659e02c6712ab53862a29731e4260fe9c9bae61"}, {"path": "modules/dotprod/float/dsps_dotprode_f32_arp4.S", "size": 1942, "hash": "28b217d69da893588fc43ed2b308a0c75fd577a25937f12ca370d848a4967c6f"}, {"path": "modules/dotprod/float/dsps_dotprode_f32_ae32.S", "size": 1719, "hash": "779f620800a0a7f17c13b90dd5652b3143721b05001d96eba167672513d9fc50"}, {"path": "modules/dotprod/float/dspi_dotprod_f32_ansi.c", "size": 1688, "hash": "14095504e87fdfb8864617b6ce01b5e07b2ebbd9296f96b9f5c89a62c3947cbe"}, {"path": "modules/dotprod/float/dsps_dotprode_f32_m_ae32.S", "size": 1387, "hash": "d79a95b4272f16fbe238b2162960457e62e5f0e33442f22677ab8cf5af2fffd0"}, {"path": "modules/dotprod/float/dsps_dotprod_f32_ansi.c", "size": 875, "hash": "f45f47ddaa5f651dbb76c05d06c2cb77274bc967443453047ba007a59294d7c7"}, {"path": "modules/dotprod/float/dspi_dotprod_off_f32_ansi.c", "size": 1717, "hash": "b5a82d446f2be6d1403f94ce498e2884f042aee2a9f9c2c12a6d41c6990d59de"}, {"path": "modules/dotprod/float/dsps_dotprod_f32_aes3.S", "size": 2242, "hash": "4e2cabc4cfd671cd98ec285975d3495983c9dc00db9bdc3257568df464d715a8"}, {"path": "modules/dotprod/float/dsps_dotprod_f32_m_ae32.S", "size": 1440, "hash": "9270dfb4bf88f3593bcd0a2092028b94e555a1d07e17e7986d51b2cf9c311673"}, {"path": "modules/dotprod/float/dsps_dotprode_f32_ansi.c", "size": 914, "hash": "9ce61e4e60a0da1b7a132117b2ccdb0e7c406a3acca1b40eb0f1e1cca6f1caa2"}, {"path": "modules/dotprod/float/dsps_dotprod_f32_ae32.S", "size": 1732, "hash": "d8192c45f7b138b7191dd45a9bd82da45ee74746808a744b6b38950dd4fcbac7"}, {"path": "modules/dotprod/float/dsps_dotprod_f32_arp4.S", "size": 1926, "hash": "8b570a4dedf1371c495ffe77bc7a56bdded0ff0c6fe961f3400f4cc2855b61fa"}, {"path": "modules/fir/test/test_dsps_fir_f32_ae32.c", "size": 3697, "hash": "2f4e11c38d8fe1d0ef0f867ddd6c2456947cb66e2bc9e01628a39c9456a48891"}, {"path": "modules/fir/test/test_dsps_fir_f32_ansi.c", "size": 3312, "hash": "725041427dcc5226d67a406afb529575b118778a6e56cc45081adf8d49c019e9"}, {"path": "modules/fir/test/test_dsps_fird_s16_ae32.c", "size": 13508, "hash": "118eaaacee97c963808d90a1d9d17182eadf335c3c0ea09875a00e2becb7e38a"}, {"path": "modules/fir/test/test_dsps_fird_f32_ae32.c", "size": 3485, "hash": "edcd861cff333c19e50ea07cde0b3ffeb348df28f6b60644bf5aa8c19844fbb1"}, {"path": "modules/fir/test/test_dsps_fird_s16_ansi.c", "size": 9383, "hash": "90c1b1e4c48dc4a77d9e0d71683271b99d4b8370072269e8f63efb8c9dfebc62"}, {"path": "modules/fir/test/test_dsps_fird_f32_ansi.c", "size": 2878, "hash": "1e4e8cad1dc77767ed386eb3e05596444e591a37f52883587724f521026b6719"}, {"path": "modules/fir/include/dsps_fir_platform.h", "size": 1006, "hash": "8b798c7971cd380d7c6cad2e20e282d6bfa6179779d1d93e172b0bec353abbf2"}, {"path": "modules/fir/include/dsps_fir.h", "size": 10406, "hash": "b0721c178c7263f1a706e55a736a81d674f7ad503caf58626a5ba507d917a72e"}, {"path": "modules/fir/fixed/dsps_fir_s16_m_ae32.S", "size": 3489, "hash": "487b737fc0a92681e8b94645cd0050143794cbd42e1943722b4e018990047651"}, {"path": "modules/fir/fixed/dsps_fird_init_s16.c", "size": 5330, "hash": "4cc241ffa94a0576d84846c61f61bebb549877b174d8e2e38157bc24b3d5a94e"}, {"path": "modules/fir/fixed/dsps_fird_s16_aes3.S", "size": 72710, "hash": "2f98475d1e45339d10b0c4007beaa99b650b422730529940113238796f5b6d1c"}, {"path": "modules/fir/fixed/dsps_fird_s16_ansi.c", "size": 1604, "hash": "46bb77821a214112cb4173a3253f0e981ac728b1a117e3bef6b7421963c2b49d"}, {"path": "modules/fir/fixed/dsps_fird_s16_arp4.S", "size": 4673, "hash": "0691e74e8586b480bbe5850d34d8f487324eedf05fad9e9625d3bc3c55ee781b"}, {"path": "modules/fir/fixed/dsps_fird_s16_ae32.S", "size": 6600, "hash": "33e2cbec8bcb42a422177db0a0a4074a556540bf151c05da89245eb9b298c0b8"}, {"path": "modules/fir/float/dsps_fir_init_f32.c", "size": 1963, "hash": "6da3910ac928241a7542e91bc62e842f586a3403c56dd06dab99c71cf2638b10"}, {"path": "modules/fir/float/dsps_fird_f32_aes3.S", "size": 7929, "hash": "45acc5226b82b287c873f72c55036d97ee47d22a736f9f449364b1f6e0e92acc"}, {"path": "modules/fir/float/dsps_fir_f32_ae32.S", "size": 2795, "hash": "3c986aec0caa3a81879ef7a8c24fbda75d5437a1ddb7654909eefa1a6b7a3342"}, {"path": "modules/fir/float/dsps_fird_f32_ansi.c", "size": 1320, "hash": "05f364e480b16632bb85f7f398aa91cc00fa29110712d4b56d6999abe5ec86c3"}, {"path": "modules/fir/float/dsps_fird_f32_arp4.S", "size": 2983, "hash": "cc2921b5c21f3abeefd6187c78feca053fe8d1625655506a5f877f81bafa56d9"}, {"path": "modules/fir/float/dsps_fird_f32_ae32.S", "size": 2931, "hash": "edf8bdb0756f321aba5731ba441b0218c5f3e9f8387a4b59bbb469e4765c5668"}, {"path": "modules/fir/float/dsps_fir_f32_ansi.c", "size": 1242, "hash": "d8ca1028e3e47d74b04d217ec54c14446cbe73273b8378cdda1f14e77d26a0a2"}, {"path": "modules/fir/float/dsps_fir_f32_aes3.S", "size": 7701, "hash": "ac6a92c14149006dcb563c3b34de5590911b345a3ec5752c80bbfccd58454976"}, {"path": "modules/fir/float/dsps_fird_init_f32.c", "size": 1469, "hash": "0a3ea0d93a4945cd02d76e53c82a58bf470fa508aec08e99527140a5a339ceb1"}, {"path": "modules/fir/test_sim/test_fir.c", "size": 993, "hash": "3de1bfc0cfbcd58938bcfcda5a565580b847c28554c231e215b56678b8fee286"}, {"path": "modules/fir/test_sim/main.c", "size": 175, "hash": "186eb18184547797a71de3fdb5bf250fe87f7818177484227275acb486177443"}, {"path": "applications/azure_board_apps/README.md", "size": 1362, "hash": "5f821c82bdd55c09bd5187f11969e8826b843cb1078d7467f526ee26db153d28"}, {"path": "applications/azure_board_apps/.gitignore", "size": 86, "hash": "4102633155d43fcd1b159493255bfd36d6e0618eb88898d5c1f7f709d51041ea"}, {"path": "applications/spectrum_box_lite/CMakeLists.txt", "size": 378, "hash": "c42ca96eec0f817d659b2ef8d920a125b25bcb85109af2416fec0e11be74f8e0"}, {"path": "applications/spectrum_box_lite/README.md", "size": 1820, "hash": "c5992b9d14964e03ec61e0e9821c41290b0aaedee5940c9419742ee8c45e229b"}, {"path": "applications/spectrum_box_lite/sdkconfig.defaults", "size": 1773, "hash": "983834c7ee83598750aa33e8647bff89088aa18a56d750ed02f68c9232c8bf42"}, {"path": "applications/lyrat_board_app/CMakeLists.txt", "size": 298, "hash": "29e4aee085e561bf7ff8d6ce92502ad51028564c428b157a2c510cd5593ccdc2"}, {"path": "applications/lyrat_board_app/README.md", "size": 3491, "hash": "787c6220169073367facd43f5aa0a2d086f20f8130f1ca1ab5fe2507b9ddc42a"}, {"path": "applications/lyrat_board_app/partitions.csv", "size": 324, "hash": "27ed74ed73c85896e795594d4dc9edda208f31b1795a4cac91fb989c7bae663e"}, {"path": "applications/lyrat_board_app/sdkconfig.defaults", "size": 299, "hash": "eb65958ffd864486927db13847a59f42307bb3e2c74066c7a66de2fd739ed2f8"}, {"path": "applications/lyrat_board_app/spiffs/16bit_mono_44_1_khz.wav", "size": 420598, "hash": "02110757bab85dc923e2fdbb543001778c65110ed4110f345b01f46d0812bc2d"}, {"path": "applications/lyrat_board_app/main/CMakeLists.txt", "size": 48, "hash": "740d61f49823e87abc98fc66351d2ce9b3beae30599e86f1df337911092fe87c"}, {"path": "applications/lyrat_board_app/main/idf_component.yml", "size": 127, "hash": "8e928afa6aee2c6515a556afeec02f3797052ed5901ea53a0d5f89faf86bb3db"}, {"path": "applications/lyrat_board_app/main/audio_amp_main.c", "size": 14386, "hash": "17a521fcee208113e11e3f9f97f9065bdb49ae5e250ee02203695099eecacf13"}, {"path": "applications/m5stack_core_s3/apps/3d_graphics/CMakeLists.txt", "size": 421, "hash": "aed48df399682f92e44fb32a4e69e7d9c2bf15e89c88eaf61fb5cbb0ed081667"}, {"path": "applications/m5stack_core_s3/apps/3d_graphics/README.md", "size": 752, "hash": "4f5881ca0ae8463cc8e7ca20f672571fda149d62f0cd44865fb66bb34013cc45"}, {"path": "applications/m5stack_core_s3/apps/3d_graphics/sdkconfig.defaults", "size": 1587, "hash": "2ef82b475dfb9cc6851cdd368d68e40a65c5533f156efd100b9afb67999051f7"}, {"path": "applications/m5stack_core_s3/apps/kalman_filter/CMakeLists.txt", "size": 419, "hash": "ca55bb18da1eabcf9088a4b5d735aacfd9465dbf7c0e44ec23c0eac70d24c72e"}, {"path": "applications/m5stack_core_s3/apps/kalman_filter/README.md", "size": 1144, "hash": "6aaf0dca1e43bb6c47d361c6e4cfaa41cc72120ec145e6ec62a45ad0ffa7bcf4"}, {"path": "applications/m5stack_core_s3/apps/kalman_filter/sdkconfig.defaults", "size": 1587, "hash": "2ef82b475dfb9cc6851cdd368d68e40a65c5533f156efd100b9afb67999051f7"}, {"path": "applications/m5stack_core_s3/apps/kalman_filter/main/CMakeLists.txt", "size": 863, "hash": "7c4693fbd7162c5b360864b9e918843ddd5aad75382a69d19a51e93ccc24e860"}, {"path": "applications/m5stack_core_s3/apps/kalman_filter/main/idf_component.yml", "size": 227, "hash": "1dd1dbbb688f6795c592bd25f8fb3dce0cc1826157452dd0e8b1b27e5cd06b95"}, {"path": "applications/m5stack_core_s3/apps/kalman_filter/main/3d_kalman_demo.cpp", "size": 15763, "hash": "8f6e01d0370ff81e810754715b53b972a3a30f49b3b1031265a9a28ba10e37b7"}, {"path": "applications/m5stack_core_s3/apps/kalman_filter/main/bmi270_context.c", "size": 51149, "hash": "fb8e94e83dd1b9639e823bbd45477e1afb6b583cc7de121fe2c402b007205e3c"}, {"path": "applications/m5stack_core_s3/apps/3d_graphics/main/CMakeLists.txt", "size": 881, "hash": "eb96bf18447be00846fd4a035e60a2f34f4932e1853c859bd6a4ad40c012d813"}, {"path": "applications/m5stack_core_s3/apps/3d_graphics/main/init_display.c", "size": 9823, "hash": "596758a59e2054c918ac30e9a1789186408e2b8d7cd3f719392f3cc8f32356f9"}, {"path": "applications/m5stack_core_s3/apps/3d_graphics/main/idf_component.yml", "size": 227, "hash": "1dd1dbbb688f6795c592bd25f8fb3dce0cc1826157452dd0e8b1b27e5cd06b95"}, {"path": "applications/m5stack_core_s3/apps/3d_graphics/main/3d_graphics_demo.cpp", "size": 4147, "hash": "b460198830eede6848e18833c0c73fe05be0efb078cb1198bb9ea86655541fd7"}, {"path": "applications/spectrum_box_lite/main/CMakeLists.txt", "size": 75, "hash": "27d6d39ef0cb6a9097984b41e080b09f7ff972339a0bb4ddf771db4001cb9782"}, {"path": "applications/spectrum_box_lite/main/idf_component.yml", "size": 151, "hash": "bc73f702e9af35ed371ef8ebabe1357bd70ba32b9c40ab44b7bf3d439b314f45"}, {"path": "applications/spectrum_box_lite/main/main.c", "size": 9507, "hash": "abfcbf86440a203fa50ec9eef000d8e1943f522b0b72a06aa542a1fe035b6e53"}, {"path": "applications/azure_board_apps/graphics/.gitignore", "size": 93, "hash": "40e3db8aba72b2a635a60b2dbd7202fa585e27887fbc1cf9d87641aa4f81f9de"}, {"path": "applications/azure_board_apps/apps/3d_graphics/CMakeLists.txt", "size": 429, "hash": "beebfd49ff9c7e87f2ef26e863c7ae0ac3cb2209e7baff1909711379b8e363ea"}, {"path": "applications/azure_board_apps/apps/3d_graphics/README.md", "size": 1332, "hash": "754d7453805a220efb0be93d1a0ab9610d2aa80db3702d69e2e3e619890bdb88"}, {"path": "applications/azure_board_apps/apps/3d_graphics/3d_graphics.gif", "size": 95502, "hash": "146400da0e3d86cd800f2fda3af14d4439e234ea979255e44fd92dc3693ba40a"}, {"path": "applications/azure_board_apps/apps/kalman_filter/CMakeLists.txt", "size": 431, "hash": "01718d487836726c604a86b56d5d4082f166c5b478d769f49180cbd769546e05"}, {"path": "applications/azure_board_apps/apps/kalman_filter/kalman_filter.gif", "size": 99075, "hash": "62ad4a164152361e2d8f9af90440aa2f85c1e84d50b78e05c0e8aa83ff500f6e"}, {"path": "applications/azure_board_apps/apps/kalman_filter/README.md", "size": 3636, "hash": "e9b79f723c50ffa9a94dc5f949d4f0a91fcc5f714ee220c8539e309be1dff8ad"}, {"path": "applications/azure_board_apps/apps/kalman_filter/main/CMakeLists.txt", "size": 527, "hash": "c36bc043edb0e36375e369ca5e17b094c9a96a70d66f43fa32c6350a7d1360f8"}, {"path": "applications/azure_board_apps/apps/kalman_filter/main/idf_component.yml", "size": 235, "hash": "cf1d7afb9bce403f8556627dc4484cbc7aea12918b43bf6abbce24a55a4080a9"}, {"path": "applications/azure_board_apps/apps/kalman_filter/main/kalman_filter_demo.cpp", "size": 23559, "hash": "42b1ef804d607c72097cd2fc864feb04f61caa433beac53f2938b4e03164d0a7"}, {"path": "applications/azure_board_apps/apps/kalman_filter/main/Kconfig.projbuild", "size": 524, "hash": "7d94cd39b1be666d23697fa85a80477e87c28d3d742e42330acc95044e91ad69"}, {"path": "applications/azure_board_apps/apps/3d_graphics/main/CMakeLists.txt", "size": 611, "hash": "ba3328f58ea93fa9669a5077e864395b40e2bc1d050dfc680550112d2243da5d"}, {"path": "applications/azure_board_apps/apps/3d_graphics/main/idf_component.yml", "size": 233, "hash": "de47a56e80488bf21bfa1df00c4183a2484d33eedee6c9f6810a7d7a6bc59ca5"}, {"path": "applications/azure_board_apps/apps/3d_graphics/main/3d_graphics_demo.cpp", "size": 8442, "hash": "c42e0e66dc6fa9f095b9163c6d25f3d2eaaa2bc8e798c01c590fec0aa957ff01"}, {"path": "applications/azure_board_apps/apps/3d_graphics/main/Kconfig.projbuild", "size": 524, "hash": "7d94cd39b1be666d23697fa85a80477e87c28d3d742e42330acc95044e91ad69"}, {"path": "applications/azure_board_apps/graphics/img_to_3d_matrix/ImgTo3D.py", "size": 17226, "hash": "c83535c98254dbdd1e39d3a9d941d52336c444ce8e4bf389b3fc725dfc9e401e"}, {"path": "applications/azure_board_apps/graphics/img_to_3d_matrix/example/README.md", "size": 4052, "hash": "e72a6637f280425f3a0ce10f2f7a8586c6bd421d3b43fdac2bd4988a19370819"}, {"path": "applications/azure_board_apps/graphics/img_to_3d_matrix/templates/template_img_to_3d.h", "size": 369, "hash": "3407b7870eb3464106d17b8bac58442951c6243a0dc904dc015fc0b5695e8474"}, {"path": "applications/azure_board_apps/graphics/img_to_3d_matrix/templates/template_img_to_3d.c", "size": 338, "hash": "4fb8322b0964c621571a3fb013ac59b2da4f3b4a32622c16168264b38f193568"}, {"path": "applications/azure_board_apps/graphics/img_to_3d_matrix/example/converted_image/cpu_logo_conv.png", "size": 596, "hash": "ce3648b0de0ccfcf2226d69d909ea4868063f8ff775debdadba655f2c49227b7"}, {"path": "applications/azure_board_apps/graphics/img_to_3d_matrix/example/converted_image/cpu_logo_invert_conv.png", "size": 593, "hash": "90854cad27c15c9c3c9f9eec2338b51746cee3227474ccf69a80ab5c2afabaa3"}, {"path": "applications/azure_board_apps/graphics/img_to_3d_matrix/example/image/cpu_logo.png", "size": 12320, "hash": "04b4bcdf4551ad9b2b051bc2827b8eae0ac15b84be0fa769b68e3bc1e5f943e3"}, {"path": "applications/azure_board_apps/graphics/3d_matrix/3d_matrix_src/graphics_support.h", "size": 4685, "hash": "b02eeb628619f48c92d3c2dfe50914ef5b151b79d9fad6c71c4519960fdf1b19"}, {"path": "applications/azure_board_apps/graphics/3d_matrix/3d_matrix_src/graphics_support.cpp", "size": 3468, "hash": "9a52ad331a1c5824db912e49ca9dcb22c4c1e7b3dc84d5332cef0aa66abbfaa7"}, {"path": "applications/azure_board_apps/graphics/3d_matrix/3d_matrix_data/esp_logo.c", "size": 33129, "hash": "79b7d1e5bf880c83a2eeb71e4097a0bf8857b3a81e6bf40496b11d4b9f749f5e"}, {"path": "applications/azure_board_apps/graphics/3d_matrix/3d_matrix_data/image_to_3d_matrix.c", "size": 39793, "hash": "11e74b70e4ce3eeebe1e1aac8107463c8ffdfb5ff81c9dab707bca292d556e41"}, {"path": "applications/azure_board_apps/graphics/3d_matrix/3d_matrix_data/esp_text.c", "size": 29055, "hash": "832218822d4c388ed87dc7f736727868051970865abed2509d7bdab11b433dee"}, {"path": "applications/azure_board_apps/graphics/3d_matrix/3d_matrix_data/image_to_3d_matrix.h", "size": 319, "hash": "6afc7adcc1202b4e949c8af92b69944c1246c69fc20ec87f962105bbe5e0bc22"}, {"path": "applications/azure_board_apps/graphics/3d_matrix/3d_matrix_data/esp_logo.h", "size": 351, "hash": "3595a2c55e9b99716865d26db2a6c814cee0958ae21c1dce8bcb91069fd6a9f2"}, {"path": "applications/azure_board_apps/graphics/3d_matrix/3d_matrix_data/cube_matrix.h", "size": 1643, "hash": "6f02ed3dcaf1f0f06b5381a26bfe6d952f1f3a6da5b355f814250423a4f19f5d"}, {"path": "applications/azure_board_apps/graphics/3d_matrix/3d_matrix_data/esp_text.h", "size": 252, "hash": "86007bb67d76c0a628c334431508e6ef47598f50432bc9d5cd8b2c8aa2730cdd"}, {"path": "examples/azure_board_apps/README.md", "size": 1362, "hash": "5f821c82bdd55c09bd5187f11969e8826b843cb1078d7467f526ee26db153d28"}, {"path": "examples/azure_board_apps/.gitignore", "size": 86, "hash": "4102633155d43fcd1b159493255bfd36d6e0618eb88898d5c1f7f709d51041ea"}, {"path": "examples/fir/CMakeLists.txt", "size": 227, "hash": "9cbfd96a9ab7d3ae79073a00571c1f2db8bf5e093b410de2d945f8cd1628f89a"}, {"path": "examples/fir/README.md", "size": 3592, "hash": "9c208e83411ae5215bd57a8ec0e009d748c230dbc796f210b174a870fba2bed9"}, {"path": "examples/fir/sdkconfig.defaults", "size": 36, "hash": "8cd326d00d798843ad4c0d3d89eeffe1dd95b7e1911aae8cf90a4374fbd31b7e"}, {"path": "examples/conv2d/CMakeLists.txt", "size": 236, "hash": "5a9e7e7246b967c6dddf2fcac7d74f41aad56151a163e40ceb10d8e06e11d6f3"}, {"path": "examples/conv2d/README.md", "size": 1614, "hash": "de464d8125698e227176f1cb23e2a6bdf3cc8656adb3f8b06391f33ea7f139af"}, {"path": "examples/conv2d/sdkconfig.defaults", "size": 204, "hash": "55d39457e2228c8348631fe01e602f4236fff08767634c4d4c1eaf64326a0847"}, {"path": "examples/basic_math/CMakeLists.txt", "size": 234, "hash": "30acf4268b23d882e40b8634cd5f723151710db9937e91e08169cbfc7f75f7b4"}, {"path": "examples/basic_math/README.md", "size": 3458, "hash": "9cce0951c5ce0d1e3f39682d80f89f148832f9b8fc3668d23647435d8a0429ff"}, {"path": "examples/basic_math/sdkconfig.defaults", "size": 36, "hash": "8cd326d00d798843ad4c0d3d89eeffe1dd95b7e1911aae8cf90a4374fbd31b7e"}, {"path": "examples/dotprod/CMakeLists.txt", "size": 231, "hash": "3a37bf4ec8a5b5ce7191ef94628bd4206542f67ef81af4112de546691ad72c11"}, {"path": "examples/dotprod/README.md", "size": 1286, "hash": "62fb7b1f213b4246735cda91c97bc6285bd72087611e4e74bd9ef3e85498bba9"}, {"path": "examples/dotprod/sdkconfig.defaults", "size": 36, "hash": "8cd326d00d798843ad4c0d3d89eeffe1dd95b7e1911aae8cf90a4374fbd31b7e"}, {"path": "examples/fft_window/CMakeLists.txt", "size": 234, "hash": "2b3ce34b456bd48bbab4d9a5f05bd04f19ef09aa3f56a820b32d4dba1dfd124b"}, {"path": "examples/fft_window/README.md", "size": 7089, "hash": "7da5b5e255bd739d080263e522fd481c693be2d46a1048bc22a8154d19d982ea"}, {"path": "examples/fft_window/sdkconfig.defaults", "size": 36, "hash": "8cd326d00d798843ad4c0d3d89eeffe1dd95b7e1911aae8cf90a4374fbd31b7e"}, {"path": "examples/kalman/CMakeLists.txt", "size": 235, "hash": "0466121d2d32f1a4155822325dad20eeaa22a74815d29feec0c67a205a79e7f3"}, {"path": "examples/kalman/README.md", "size": 17380, "hash": "b79d3bf6f3dd9715a84546c79cef9384eb39d6c3f0f76abf7293d7f6236cf748"}, {"path": "examples/kalman/sdkconfig.defaults", "size": 540, "hash": "5740d88d016f5cbeeef8ffbce455af374bfd2f5c0acd66a9d803a0a5e63a8e31"}, {"path": "examples/applications/README.md", "size": 886, "hash": "9283a7db194a6cae06e1b523867b2384b7c07fcdc2b3f0e746487365dcdd02e9"}, {"path": "examples/fft/CMakeLists.txt", "size": 229, "hash": "df42e9642f5717e6031e46036ba37c50cac554041dcfdd8bec9b468541f02be0"}, {"path": "examples/fft/README.md", "size": 4383, "hash": "c6d93723775e8148b0017822ec11132317618004c0820b16127ef5cd0b22152a"}, {"path": "examples/fft/sdkconfig.defaults", "size": 36, "hash": "8cd326d00d798843ad4c0d3d89eeffe1dd95b7e1911aae8cf90a4374fbd31b7e"}, {"path": "examples/lyrat_board_app/CMakeLists.txt", "size": 298, "hash": "29e4aee085e561bf7ff8d6ce92502ad51028564c428b157a2c510cd5593ccdc2"}, {"path": "examples/lyrat_board_app/README.md", "size": 3491, "hash": "787c6220169073367facd43f5aa0a2d086f20f8130f1ca1ab5fe2507b9ddc42a"}, {"path": "examples/lyrat_board_app/partitions.csv", "size": 324, "hash": "27ed74ed73c85896e795594d4dc9edda208f31b1795a4cac91fb989c7bae663e"}, {"path": "examples/lyrat_board_app/sdkconfig.defaults", "size": 299, "hash": "eb65958ffd864486927db13847a59f42307bb3e2c74066c7a66de2fd739ed2f8"}, {"path": "examples/fft4real/CMakeLists.txt", "size": 232, "hash": "6b1beb24c146ed3b987900a5720b605afc201c3c14b7107d7fb5dcf2cc90ad41"}, {"path": "examples/fft4real/README.md", "size": 4389, "hash": "50b8a0821a46d277028d971c020e2ddf951b627b6e0bd01ff4be85c680077df5"}, {"path": "examples/fft4real/sdkconfig.defaults", "size": 36, "hash": "8cd326d00d798843ad4c0d3d89eeffe1dd95b7e1911aae8cf90a4374fbd31b7e"}, {"path": "examples/matrix/CMakeLists.txt", "size": 230, "hash": "d55c68e338e97258bd9f7d68e2f5af5f73c1633c8554887772a7c5cd3f0e5449"}, {"path": "examples/matrix/README.md", "size": 1279, "hash": "0d09dfbfadce7aeb43d45766dd6b75b571a0f278164a40eec69af3e0e4923451"}, {"path": "examples/matrix/sdkconfig.defaults", "size": 36, "hash": "8cd326d00d798843ad4c0d3d89eeffe1dd95b7e1911aae8cf90a4374fbd31b7e"}, {"path": "examples/iir/CMakeLists.txt", "size": 227, "hash": "a4243498c66f33139457bf8af3d5b66584a5eb2e5cb8bc3d5a3f170c08895c0d"}, {"path": "examples/iir/README.md", "size": 5345, "hash": "2b03eafb6af8224af8d35c48fb69a7ca6031cb1589abc207e4b284e05abd0d97"}, {"path": "examples/iir/sdkconfig.defaults", "size": 36, "hash": "8cd326d00d798843ad4c0d3d89eeffe1dd95b7e1911aae8cf90a4374fbd31b7e"}, {"path": "examples/iir/main/CMakeLists.txt", "size": 47, "hash": "4486b3011f8a9d0a53ff6853b40d1c4263a9c8dde9117ec160d027540edd7a6c"}, {"path": "examples/iir/main/idf_component.yml", "size": 83, "hash": "25efc90c7468eb099f2987c44f2e659778e339d178c036da371e56151069325c"}, {"path": "examples/iir/main/dsps_iir_main.c", "size": 3428, "hash": "58e8a43efe166407662dbde5fd38f0ea26ca3e9185d3cebcc0baa2617b958ffc"}, {"path": "examples/matrix/main/CMakeLists.txt", "size": 52, "hash": "934615a4c55a017462eecf5c45a1f7591cd8aa064bd95910e407c0fd2712b849"}, {"path": "examples/matrix/main/idf_component.yml", "size": 83, "hash": "25efc90c7468eb099f2987c44f2e659778e339d178c036da371e56151069325c"}, {"path": "examples/matrix/main/dspm_matrix_main.cpp", "size": 1710, "hash": "658ec84f84142e4c5c0c34e9f6e098048e6ba63ede0cff28da2f9a8fcb72c626"}, {"path": "examples/apps/3d_graphics/CMakeLists.txt", "size": 429, "hash": "beebfd49ff9c7e87f2ef26e863c7ae0ac3cb2209e7baff1909711379b8e363ea"}, {"path": "examples/apps/3d_graphics/README.md", "size": 1332, "hash": "754d7453805a220efb0be93d1a0ab9610d2aa80db3702d69e2e3e619890bdb88"}, {"path": "examples/apps/3d_graphics/3d_graphics.gif", "size": 95502, "hash": "146400da0e3d86cd800f2fda3af14d4439e234ea979255e44fd92dc3693ba40a"}, {"path": "examples/apps/kalman_filter/CMakeLists.txt", "size": 431, "hash": "01718d487836726c604a86b56d5d4082f166c5b478d769f49180cbd769546e05"}, {"path": "examples/apps/kalman_filter/kalman_filter.gif", "size": 99075, "hash": "62ad4a164152361e2d8f9af90440aa2f85c1e84d50b78e05c0e8aa83ff500f6e"}, {"path": "examples/apps/kalman_filter/README.md", "size": 3636, "hash": "e9b79f723c50ffa9a94dc5f949d4f0a91fcc5f714ee220c8539e309be1dff8ad"}, {"path": "examples/apps/kalman_filter/main/CMakeLists.txt", "size": 527, "hash": "c36bc043edb0e36375e369ca5e17b094c9a96a70d66f43fa32c6350a7d1360f8"}, {"path": "examples/apps/kalman_filter/main/idf_component.yml", "size": 235, "hash": "cf1d7afb9bce403f8556627dc4484cbc7aea12918b43bf6abbce24a55a4080a9"}, {"path": "examples/apps/kalman_filter/main/kalman_filter_demo.cpp", "size": 23559, "hash": "42b1ef804d607c72097cd2fc864feb04f61caa433beac53f2938b4e03164d0a7"}, {"path": "examples/apps/kalman_filter/main/Kconfig.projbuild", "size": 524, "hash": "7d94cd39b1be666d23697fa85a80477e87c28d3d742e42330acc95044e91ad69"}, {"path": "examples/apps/3d_graphics/main/CMakeLists.txt", "size": 611, "hash": "ba3328f58ea93fa9669a5077e864395b40e2bc1d050dfc680550112d2243da5d"}, {"path": "examples/apps/3d_graphics/main/idf_component.yml", "size": 233, "hash": "de47a56e80488bf21bfa1df00c4183a2484d33eedee6c9f6810a7d7a6bc59ca5"}, {"path": "examples/apps/3d_graphics/main/3d_graphics_demo.cpp", "size": 8442, "hash": "c42e0e66dc6fa9f095b9163c6d25f3d2eaaa2bc8e798c01c590fec0aa957ff01"}, {"path": "examples/apps/3d_graphics/main/Kconfig.projbuild", "size": 524, "hash": "7d94cd39b1be666d23697fa85a80477e87c28d3d742e42330acc95044e91ad69"}, {"path": "examples/fft4real/main/CMakeLists.txt", "size": 52, "hash": "c89607e3a5a89b693e7194a55161264da2fff8f891aa785181d593e66a26cdaa"}, {"path": "examples/fft4real/main/dsps_fft4real_main.c", "size": 3846, "hash": "f0efdd8cda8f308bd20fe8d436e8eac15d24aae83c0ff3a77c73a1347efc2a5e"}, {"path": "examples/fft4real/main/idf_component.yml", "size": 83, "hash": "25efc90c7468eb099f2987c44f2e659778e339d178c036da371e56151069325c"}, {"path": "examples/fft4real/main/linker.ld", "size": 125, "hash": "a1f0c7d872c9d25412575a3db0b039b5e9e3e1fd51e4f32d9c29ee07fed8904f"}, {"path": "examples/lyrat_board_app/spiffs/16bit_mono_44_1_khz.wav", "size": 420598, "hash": "02110757bab85dc923e2fdbb543001778c65110ed4110f345b01f46d0812bc2d"}, {"path": "examples/lyrat_board_app/main/CMakeLists.txt", "size": 48, "hash": "740d61f49823e87abc98fc66351d2ce9b3beae30599e86f1df337911092fe87c"}, {"path": "examples/lyrat_board_app/main/idf_component.yml", "size": 127, "hash": "8e928afa6aee2c6515a556afeec02f3797052ed5901ea53a0d5f89faf86bb3db"}, {"path": "examples/lyrat_board_app/main/audio_amp_main.c", "size": 14386, "hash": "17a521fcee208113e11e3f9f97f9065bdb49ae5e250ee02203695099eecacf13"}, {"path": "examples/fft/main/CMakeLists.txt", "size": 47, "hash": "93a574af2745133ead7fdfb1a1ab63468c218829b34ea1a0c21fb8daa774c700"}, {"path": "examples/fft/main/idf_component.yml", "size": 83, "hash": "25efc90c7468eb099f2987c44f2e659778e339d178c036da371e56151069325c"}, {"path": "examples/fft/main/dsps_fft_main.c", "size": 3350, "hash": "61492b00bdb3a079936fbea6678208a0f61d0ec815cb524e4098a133aa2425d4"}, {"path": "examples/applications/azure_board_apps/README.md", "size": 1362, "hash": "5f821c82bdd55c09bd5187f11969e8826b843cb1078d7467f526ee26db153d28"}, {"path": "examples/applications/azure_board_apps/.gitignore", "size": 86, "hash": "4102633155d43fcd1b159493255bfd36d6e0618eb88898d5c1f7f709d51041ea"}, {"path": "examples/applications/spectrum_box_lite/CMakeLists.txt", "size": 378, "hash": "c42ca96eec0f817d659b2ef8d920a125b25bcb85109af2416fec0e11be74f8e0"}, {"path": "examples/applications/spectrum_box_lite/README.md", "size": 1820, "hash": "c5992b9d14964e03ec61e0e9821c41290b0aaedee5940c9419742ee8c45e229b"}, {"path": "examples/applications/spectrum_box_lite/sdkconfig.defaults", "size": 1773, "hash": "983834c7ee83598750aa33e8647bff89088aa18a56d750ed02f68c9232c8bf42"}, {"path": "examples/applications/lyrat_board_app/CMakeLists.txt", "size": 298, "hash": "29e4aee085e561bf7ff8d6ce92502ad51028564c428b157a2c510cd5593ccdc2"}, {"path": "examples/applications/lyrat_board_app/README.md", "size": 3491, "hash": "787c6220169073367facd43f5aa0a2d086f20f8130f1ca1ab5fe2507b9ddc42a"}, {"path": "examples/applications/lyrat_board_app/partitions.csv", "size": 324, "hash": "27ed74ed73c85896e795594d4dc9edda208f31b1795a4cac91fb989c7bae663e"}, {"path": "examples/applications/lyrat_board_app/sdkconfig.defaults", "size": 299, "hash": "eb65958ffd864486927db13847a59f42307bb3e2c74066c7a66de2fd739ed2f8"}, {"path": "examples/applications/lyrat_board_app/spiffs/16bit_mono_44_1_khz.wav", "size": 420598, "hash": "02110757bab85dc923e2fdbb543001778c65110ed4110f345b01f46d0812bc2d"}, {"path": "examples/applications/lyrat_board_app/main/CMakeLists.txt", "size": 48, "hash": "740d61f49823e87abc98fc66351d2ce9b3beae30599e86f1df337911092fe87c"}, {"path": "examples/applications/lyrat_board_app/main/idf_component.yml", "size": 127, "hash": "8e928afa6aee2c6515a556afeec02f3797052ed5901ea53a0d5f89faf86bb3db"}, {"path": "examples/applications/lyrat_board_app/main/audio_amp_main.c", "size": 14386, "hash": "17a521fcee208113e11e3f9f97f9065bdb49ae5e250ee02203695099eecacf13"}, {"path": "examples/applications/m5stack_core_s3/apps/3d_graphics/CMakeLists.txt", "size": 421, "hash": "aed48df399682f92e44fb32a4e69e7d9c2bf15e89c88eaf61fb5cbb0ed081667"}, {"path": "examples/applications/m5stack_core_s3/apps/3d_graphics/README.md", "size": 752, "hash": "4f5881ca0ae8463cc8e7ca20f672571fda149d62f0cd44865fb66bb34013cc45"}, {"path": "examples/applications/m5stack_core_s3/apps/3d_graphics/sdkconfig.defaults", "size": 1587, "hash": "2ef82b475dfb9cc6851cdd368d68e40a65c5533f156efd100b9afb67999051f7"}, {"path": "examples/applications/m5stack_core_s3/apps/kalman_filter/CMakeLists.txt", "size": 419, "hash": "ca55bb18da1eabcf9088a4b5d735aacfd9465dbf7c0e44ec23c0eac70d24c72e"}, {"path": "examples/applications/m5stack_core_s3/apps/kalman_filter/README.md", "size": 1144, "hash": "6aaf0dca1e43bb6c47d361c6e4cfaa41cc72120ec145e6ec62a45ad0ffa7bcf4"}, {"path": "examples/applications/m5stack_core_s3/apps/kalman_filter/sdkconfig.defaults", "size": 1587, "hash": "2ef82b475dfb9cc6851cdd368d68e40a65c5533f156efd100b9afb67999051f7"}, {"path": "examples/applications/m5stack_core_s3/apps/kalman_filter/main/CMakeLists.txt", "size": 863, "hash": "7c4693fbd7162c5b360864b9e918843ddd5aad75382a69d19a51e93ccc24e860"}, {"path": "examples/applications/m5stack_core_s3/apps/kalman_filter/main/idf_component.yml", "size": 227, "hash": "1dd1dbbb688f6795c592bd25f8fb3dce0cc1826157452dd0e8b1b27e5cd06b95"}, {"path": "examples/applications/m5stack_core_s3/apps/kalman_filter/main/3d_kalman_demo.cpp", "size": 15763, "hash": "8f6e01d0370ff81e810754715b53b972a3a30f49b3b1031265a9a28ba10e37b7"}, {"path": "examples/applications/m5stack_core_s3/apps/kalman_filter/main/bmi270_context.c", "size": 51149, "hash": "fb8e94e83dd1b9639e823bbd45477e1afb6b583cc7de121fe2c402b007205e3c"}, {"path": "examples/applications/m5stack_core_s3/apps/3d_graphics/main/CMakeLists.txt", "size": 881, "hash": "eb96bf18447be00846fd4a035e60a2f34f4932e1853c859bd6a4ad40c012d813"}, {"path": "examples/applications/m5stack_core_s3/apps/3d_graphics/main/init_display.c", "size": 9823, "hash": "596758a59e2054c918ac30e9a1789186408e2b8d7cd3f719392f3cc8f32356f9"}, {"path": "examples/applications/m5stack_core_s3/apps/3d_graphics/main/idf_component.yml", "size": 227, "hash": "1dd1dbbb688f6795c592bd25f8fb3dce0cc1826157452dd0e8b1b27e5cd06b95"}, {"path": "examples/applications/m5stack_core_s3/apps/3d_graphics/main/3d_graphics_demo.cpp", "size": 4147, "hash": "b460198830eede6848e18833c0c73fe05be0efb078cb1198bb9ea86655541fd7"}, {"path": "examples/applications/spectrum_box_lite/main/CMakeLists.txt", "size": 75, "hash": "27d6d39ef0cb6a9097984b41e080b09f7ff972339a0bb4ddf771db4001cb9782"}, {"path": "examples/applications/spectrum_box_lite/main/idf_component.yml", "size": 151, "hash": "bc73f702e9af35ed371ef8ebabe1357bd70ba32b9c40ab44b7bf3d439b314f45"}, {"path": "examples/applications/spectrum_box_lite/main/main.c", "size": 9507, "hash": "abfcbf86440a203fa50ec9eef000d8e1943f522b0b72a06aa542a1fe035b6e53"}, {"path": "examples/applications/azure_board_apps/graphics/.gitignore", "size": 93, "hash": "40e3db8aba72b2a635a60b2dbd7202fa585e27887fbc1cf9d87641aa4f81f9de"}, {"path": "examples/applications/azure_board_apps/apps/3d_graphics/CMakeLists.txt", "size": 429, "hash": "beebfd49ff9c7e87f2ef26e863c7ae0ac3cb2209e7baff1909711379b8e363ea"}, {"path": "examples/applications/azure_board_apps/apps/3d_graphics/README.md", "size": 1332, "hash": "754d7453805a220efb0be93d1a0ab9610d2aa80db3702d69e2e3e619890bdb88"}, {"path": "examples/applications/azure_board_apps/apps/3d_graphics/3d_graphics.gif", "size": 95502, "hash": "146400da0e3d86cd800f2fda3af14d4439e234ea979255e44fd92dc3693ba40a"}, {"path": "examples/applications/azure_board_apps/apps/kalman_filter/CMakeLists.txt", "size": 431, "hash": "01718d487836726c604a86b56d5d4082f166c5b478d769f49180cbd769546e05"}, {"path": "examples/applications/azure_board_apps/apps/kalman_filter/kalman_filter.gif", "size": 99075, "hash": "62ad4a164152361e2d8f9af90440aa2f85c1e84d50b78e05c0e8aa83ff500f6e"}, {"path": "examples/applications/azure_board_apps/apps/kalman_filter/README.md", "size": 3636, "hash": "e9b79f723c50ffa9a94dc5f949d4f0a91fcc5f714ee220c8539e309be1dff8ad"}, {"path": "examples/applications/azure_board_apps/apps/kalman_filter/main/CMakeLists.txt", "size": 527, "hash": "c36bc043edb0e36375e369ca5e17b094c9a96a70d66f43fa32c6350a7d1360f8"}, {"path": "examples/applications/azure_board_apps/apps/kalman_filter/main/idf_component.yml", "size": 235, "hash": "cf1d7afb9bce403f8556627dc4484cbc7aea12918b43bf6abbce24a55a4080a9"}, {"path": "examples/applications/azure_board_apps/apps/kalman_filter/main/kalman_filter_demo.cpp", "size": 23559, "hash": "42b1ef804d607c72097cd2fc864feb04f61caa433beac53f2938b4e03164d0a7"}, {"path": "examples/applications/azure_board_apps/apps/kalman_filter/main/Kconfig.projbuild", "size": 524, "hash": "7d94cd39b1be666d23697fa85a80477e87c28d3d742e42330acc95044e91ad69"}, {"path": "examples/applications/azure_board_apps/apps/3d_graphics/main/CMakeLists.txt", "size": 611, "hash": "ba3328f58ea93fa9669a5077e864395b40e2bc1d050dfc680550112d2243da5d"}, {"path": "examples/applications/azure_board_apps/apps/3d_graphics/main/idf_component.yml", "size": 233, "hash": "de47a56e80488bf21bfa1df00c4183a2484d33eedee6c9f6810a7d7a6bc59ca5"}, {"path": "examples/applications/azure_board_apps/apps/3d_graphics/main/3d_graphics_demo.cpp", "size": 8442, "hash": "c42e0e66dc6fa9f095b9163c6d25f3d2eaaa2bc8e798c01c590fec0aa957ff01"}, {"path": "examples/applications/azure_board_apps/apps/3d_graphics/main/Kconfig.projbuild", "size": 524, "hash": "7d94cd39b1be666d23697fa85a80477e87c28d3d742e42330acc95044e91ad69"}, {"path": "examples/applications/azure_board_apps/graphics/img_to_3d_matrix/ImgTo3D.py", "size": 17226, "hash": "c83535c98254dbdd1e39d3a9d941d52336c444ce8e4bf389b3fc725dfc9e401e"}, {"path": "examples/applications/azure_board_apps/graphics/img_to_3d_matrix/example/README.md", "size": 4052, "hash": "e72a6637f280425f3a0ce10f2f7a8586c6bd421d3b43fdac2bd4988a19370819"}, {"path": "examples/applications/azure_board_apps/graphics/img_to_3d_matrix/templates/template_img_to_3d.h", "size": 369, "hash": "3407b7870eb3464106d17b8bac58442951c6243a0dc904dc015fc0b5695e8474"}, {"path": "examples/applications/azure_board_apps/graphics/img_to_3d_matrix/templates/template_img_to_3d.c", "size": 338, "hash": "4fb8322b0964c621571a3fb013ac59b2da4f3b4a32622c16168264b38f193568"}, {"path": "examples/applications/azure_board_apps/graphics/img_to_3d_matrix/example/converted_image/cpu_logo_conv.png", "size": 596, "hash": "ce3648b0de0ccfcf2226d69d909ea4868063f8ff775debdadba655f2c49227b7"}, {"path": "examples/applications/azure_board_apps/graphics/img_to_3d_matrix/example/converted_image/cpu_logo_invert_conv.png", "size": 593, "hash": "90854cad27c15c9c3c9f9eec2338b51746cee3227474ccf69a80ab5c2afabaa3"}, {"path": "examples/applications/azure_board_apps/graphics/img_to_3d_matrix/example/image/cpu_logo.png", "size": 12320, "hash": "04b4bcdf4551ad9b2b051bc2827b8eae0ac15b84be0fa769b68e3bc1e5f943e3"}, {"path": "examples/applications/azure_board_apps/graphics/3d_matrix/3d_matrix_src/graphics_support.h", "size": 4685, "hash": "b02eeb628619f48c92d3c2dfe50914ef5b151b79d9fad6c71c4519960fdf1b19"}, {"path": "examples/applications/azure_board_apps/graphics/3d_matrix/3d_matrix_src/graphics_support.cpp", "size": 3468, "hash": "9a52ad331a1c5824db912e49ca9dcb22c4c1e7b3dc84d5332cef0aa66abbfaa7"}, {"path": "examples/applications/azure_board_apps/graphics/3d_matrix/3d_matrix_data/esp_logo.c", "size": 33129, "hash": "79b7d1e5bf880c83a2eeb71e4097a0bf8857b3a81e6bf40496b11d4b9f749f5e"}, {"path": "examples/applications/azure_board_apps/graphics/3d_matrix/3d_matrix_data/image_to_3d_matrix.c", "size": 39793, "hash": "11e74b70e4ce3eeebe1e1aac8107463c8ffdfb5ff81c9dab707bca292d556e41"}, {"path": "examples/applications/azure_board_apps/graphics/3d_matrix/3d_matrix_data/esp_text.c", "size": 29055, "hash": "832218822d4c388ed87dc7f736727868051970865abed2509d7bdab11b433dee"}, {"path": "examples/applications/azure_board_apps/graphics/3d_matrix/3d_matrix_data/image_to_3d_matrix.h", "size": 319, "hash": "6afc7adcc1202b4e949c8af92b69944c1246c69fc20ec87f962105bbe5e0bc22"}, {"path": "examples/applications/azure_board_apps/graphics/3d_matrix/3d_matrix_data/esp_logo.h", "size": 351, "hash": "3595a2c55e9b99716865d26db2a6c814cee0958ae21c1dce8bcb91069fd6a9f2"}, {"path": "examples/applications/azure_board_apps/graphics/3d_matrix/3d_matrix_data/cube_matrix.h", "size": 1643, "hash": "6f02ed3dcaf1f0f06b5381a26bfe6d952f1f3a6da5b355f814250423a4f19f5d"}, {"path": "examples/applications/azure_board_apps/graphics/3d_matrix/3d_matrix_data/esp_text.h", "size": 252, "hash": "86007bb67d76c0a628c334431508e6ef47598f50432bc9d5cd8b2c8aa2730cdd"}, {"path": "examples/kalman/main/CMakeLists.txt", "size": 56, "hash": "3ce70fd917552f6c4576b8367ca6a73b53b8e05a02723e0d543ca5206a2b9bdd"}, {"path": "examples/kalman/main/idf_component.yml", "size": 83, "hash": "25efc90c7468eb099f2987c44f2e659778e339d178c036da371e56151069325c"}, {"path": "examples/kalman/main/ekf_imu13states_main.cpp", "size": 7914, "hash": "e415ffd4d308c316d04333cc222f16f2f7cd896bd822f1b30b50646f2f0391ff"}, {"path": "examples/fft_window/main/CMakeLists.txt", "size": 50, "hash": "010fcd698006ac82e5fcabb472520686286b362bf6b5172b6ca2cd9a17434ec8"}, {"path": "examples/fft_window/main/idf_component.yml", "size": 83, "hash": "25efc90c7468eb099f2987c44f2e659778e339d178c036da371e56151069325c"}, {"path": "examples/fft_window/main/dsps_window_main.c", "size": 4051, "hash": "d6dc70c15f50c4c150f33fdff6ac12b89fec300c79e7c902a460e901fef08f81"}, {"path": "examples/dotprod/main/CMakeLists.txt", "size": 54, "hash": "f98b8bfc3a757863b38e77413a7839736af06add5bd8611140d31b0f7658a291"}, {"path": "examples/dotprod/main/idf_component.yml", "size": 83, "hash": "25efc90c7468eb099f2987c44f2e659778e339d178c036da371e56151069325c"}, {"path": "examples/dotprod/main/dsps_dotproduct_main.c", "size": 1884, "hash": "154d1e37a6c05f8a69ef0249db1f0ae658cd587f9794a3268252f73995f87bfd"}, {"path": "examples/basic_math/main/CMakeLists.txt", "size": 48, "hash": "5340836e5555c9cf923e67b896a8c9a919b8c94a46a0915cd3325377b99645d0"}, {"path": "examples/basic_math/main/idf_component.yml", "size": 83, "hash": "25efc90c7468eb099f2987c44f2e659778e339d178c036da371e56151069325c"}, {"path": "examples/basic_math/main/dsps_math_main.c", "size": 3046, "hash": "a5d8a3a5f1737584c64a65728f41239a13bbc8bd2ecf61ad0f4b5362c819d064"}, {"path": "examples/conv2d/main/CMakeLists.txt", "size": 82, "hash": "dde57bf9968ae054b11d05f9742d7c89321276cc3fbf866a7b6b70e7723a8742"}, {"path": "examples/conv2d/main/idf_component.yml", "size": 83, "hash": "25efc90c7468eb099f2987c44f2e659778e339d178c036da371e56151069325c"}, {"path": "examples/conv2d/main/conv2d_main.c", "size": 1613, "hash": "7591755ef0e46a49b4eb9a5019a01e6a03f288ff863d4be52773727059b5f361"}, {"path": "examples/fir/main/dsps_fir_main.c", "size": 5720, "hash": "096350fe77ea2834365e85f5dfe8602d95a2d917377bab2a42daceed98cccdbf"}, {"path": "examples/fir/main/CMakeLists.txt", "size": 47, "hash": "60821039151e256d9be62ba7e4c51759a2e6216468e909002701f5d015294bba"}, {"path": "examples/fir/main/idf_component.yml", "size": 83, "hash": "25efc90c7468eb099f2987c44f2e659778e339d178c036da371e56151069325c"}, {"path": "examples/azure_board_apps/graphics/.gitignore", "size": 93, "hash": "40e3db8aba72b2a635a60b2dbd7202fa585e27887fbc1cf9d87641aa4f81f9de"}, {"path": "examples/azure_board_apps/apps/3d_graphics/CMakeLists.txt", "size": 429, "hash": "beebfd49ff9c7e87f2ef26e863c7ae0ac3cb2209e7baff1909711379b8e363ea"}, {"path": "examples/azure_board_apps/apps/3d_graphics/README.md", "size": 1332, "hash": "754d7453805a220efb0be93d1a0ab9610d2aa80db3702d69e2e3e619890bdb88"}, {"path": "examples/azure_board_apps/apps/3d_graphics/3d_graphics.gif", "size": 95502, "hash": "146400da0e3d86cd800f2fda3af14d4439e234ea979255e44fd92dc3693ba40a"}, {"path": "examples/azure_board_apps/apps/kalman_filter/CMakeLists.txt", "size": 431, "hash": "01718d487836726c604a86b56d5d4082f166c5b478d769f49180cbd769546e05"}, {"path": "examples/azure_board_apps/apps/kalman_filter/kalman_filter.gif", "size": 99075, "hash": "62ad4a164152361e2d8f9af90440aa2f85c1e84d50b78e05c0e8aa83ff500f6e"}, {"path": "examples/azure_board_apps/apps/kalman_filter/README.md", "size": 3636, "hash": "e9b79f723c50ffa9a94dc5f949d4f0a91fcc5f714ee220c8539e309be1dff8ad"}, {"path": "examples/azure_board_apps/apps/kalman_filter/main/CMakeLists.txt", "size": 527, "hash": "c36bc043edb0e36375e369ca5e17b094c9a96a70d66f43fa32c6350a7d1360f8"}, {"path": "examples/azure_board_apps/apps/kalman_filter/main/idf_component.yml", "size": 235, "hash": "cf1d7afb9bce403f8556627dc4484cbc7aea12918b43bf6abbce24a55a4080a9"}, {"path": "examples/azure_board_apps/apps/kalman_filter/main/kalman_filter_demo.cpp", "size": 23559, "hash": "42b1ef804d607c72097cd2fc864feb04f61caa433beac53f2938b4e03164d0a7"}, {"path": "examples/azure_board_apps/apps/kalman_filter/main/Kconfig.projbuild", "size": 524, "hash": "7d94cd39b1be666d23697fa85a80477e87c28d3d742e42330acc95044e91ad69"}, {"path": "examples/azure_board_apps/apps/3d_graphics/main/CMakeLists.txt", "size": 611, "hash": "ba3328f58ea93fa9669a5077e864395b40e2bc1d050dfc680550112d2243da5d"}, {"path": "examples/azure_board_apps/apps/3d_graphics/main/idf_component.yml", "size": 233, "hash": "de47a56e80488bf21bfa1df00c4183a2484d33eedee6c9f6810a7d7a6bc59ca5"}, {"path": "examples/azure_board_apps/apps/3d_graphics/main/3d_graphics_demo.cpp", "size": 8442, "hash": "c42e0e66dc6fa9f095b9163c6d25f3d2eaaa2bc8e798c01c590fec0aa957ff01"}, {"path": "examples/azure_board_apps/apps/3d_graphics/main/Kconfig.projbuild", "size": 524, "hash": "7d94cd39b1be666d23697fa85a80477e87c28d3d742e42330acc95044e91ad69"}, {"path": "examples/azure_board_apps/graphics/img_to_3d_matrix/ImgTo3D.py", "size": 17226, "hash": "c83535c98254dbdd1e39d3a9d941d52336c444ce8e4bf389b3fc725dfc9e401e"}, {"path": "examples/azure_board_apps/graphics/img_to_3d_matrix/example/README.md", "size": 4052, "hash": "e72a6637f280425f3a0ce10f2f7a8586c6bd421d3b43fdac2bd4988a19370819"}, {"path": "examples/azure_board_apps/graphics/img_to_3d_matrix/templates/template_img_to_3d.h", "size": 369, "hash": "3407b7870eb3464106d17b8bac58442951c6243a0dc904dc015fc0b5695e8474"}, {"path": "examples/azure_board_apps/graphics/img_to_3d_matrix/templates/template_img_to_3d.c", "size": 338, "hash": "4fb8322b0964c621571a3fb013ac59b2da4f3b4a32622c16168264b38f193568"}, {"path": "examples/azure_board_apps/graphics/img_to_3d_matrix/example/converted_image/cpu_logo_conv.png", "size": 596, "hash": "ce3648b0de0ccfcf2226d69d909ea4868063f8ff775debdadba655f2c49227b7"}, {"path": "examples/azure_board_apps/graphics/img_to_3d_matrix/example/converted_image/cpu_logo_invert_conv.png", "size": 593, "hash": "90854cad27c15c9c3c9f9eec2338b51746cee3227474ccf69a80ab5c2afabaa3"}, {"path": "examples/azure_board_apps/graphics/img_to_3d_matrix/example/image/cpu_logo.png", "size": 12320, "hash": "04b4bcdf4551ad9b2b051bc2827b8eae0ac15b84be0fa769b68e3bc1e5f943e3"}, {"path": "examples/azure_board_apps/graphics/3d_matrix/3d_matrix_src/graphics_support.h", "size": 4685, "hash": "b02eeb628619f48c92d3c2dfe50914ef5b151b79d9fad6c71c4519960fdf1b19"}, {"path": "examples/azure_board_apps/graphics/3d_matrix/3d_matrix_src/graphics_support.cpp", "size": 3468, "hash": "9a52ad331a1c5824db912e49ca9dcb22c4c1e7b3dc84d5332cef0aa66abbfaa7"}, {"path": "examples/azure_board_apps/graphics/3d_matrix/3d_matrix_data/esp_logo.c", "size": 33129, "hash": "79b7d1e5bf880c83a2eeb71e4097a0bf8857b3a81e6bf40496b11d4b9f749f5e"}, {"path": "examples/azure_board_apps/graphics/3d_matrix/3d_matrix_data/image_to_3d_matrix.c", "size": 39793, "hash": "11e74b70e4ce3eeebe1e1aac8107463c8ffdfb5ff81c9dab707bca292d556e41"}, {"path": "examples/azure_board_apps/graphics/3d_matrix/3d_matrix_data/esp_text.c", "size": 29055, "hash": "832218822d4c388ed87dc7f736727868051970865abed2509d7bdab11b433dee"}, {"path": "examples/azure_board_apps/graphics/3d_matrix/3d_matrix_data/image_to_3d_matrix.h", "size": 319, "hash": "6afc7adcc1202b4e949c8af92b69944c1246c69fc20ec87f962105bbe5e0bc22"}, {"path": "examples/azure_board_apps/graphics/3d_matrix/3d_matrix_data/esp_logo.h", "size": 351, "hash": "3595a2c55e9b99716865d26db2a6c814cee0958ae21c1dce8bcb91069fd6a9f2"}, {"path": "examples/azure_board_apps/graphics/3d_matrix/3d_matrix_data/cube_matrix.h", "size": 1643, "hash": "6f02ed3dcaf1f0f06b5381a26bfe6d952f1f3a6da5b355f814250423a4f19f5d"}, {"path": "examples/azure_board_apps/graphics/3d_matrix/3d_matrix_data/esp_text.h", "size": 252, "hash": "86007bb67d76c0a628c334431508e6ef47598f50432bc9d5cd8b2c8aa2730cdd"}]}