{"version": "1.0", "algorithm": "sha256", "created_at": "2025-05-21T15:47:26.245400+00:00", "files": [{"path": "esp_lcd_ili9341.c", "size": 14386, "hash": "839d08ae772091fd19b1db6934a8bd50ff6a6e9815a6a2a005acf85f6f2a5f1d"}, {"path": "CMakeLists.txt", "size": 221, "hash": "dc63c2a17924ef6ea639b89aa4e3ecd7e530ab8aaae6cd1d0e72ab1262b51162"}, {"path": "idf_component.yml", "size": 207, "hash": "ae5dc114c064de1a5351a64c5da59797b8ef103ead360ad105fbde7bba457ebe"}, {"path": "README.md", "size": 3783, "hash": "6c8f1c3f11ffeb1d7b4a1d6abbb3119d9e7be30bfeb7f35deb2979847c5fb303"}, {"path": "license.txt", "size": 11358, "hash": "cfc7749b96f63bd31c3c42b5c471bf756814053e847c10f3eb003417bc523d30"}, {"path": "include/esp_lcd_ili9341.h", "size": 3895, "hash": "5eb4f63128c5f8f2d082d45a8cdf552b93ca58190cc560a8744c00e6047a16e0"}, {"path": "test_apps/CMakeLists.txt", "size": 317, "hash": "29400ed5970d148f1133f03517ebbe94782e0ccfd7194b77725f4e7497643ff3"}, {"path": "test_apps/sdkconfig.defaults", "size": 49, "hash": "dccb276c3ef85f8f4d6c32edf7c8b582cf2d416f42950b778d7af95a9808e7d4"}, {"path": "test_apps/main/CMakeLists.txt", "size": 54, "hash": "5548ae67823a1c421d11b7365bbd105f6649e7b59f2746ca9613ff52eea84089"}, {"path": "test_apps/main/idf_component.yml", "size": 150, "hash": "98dd28f4f12dae586a0c57f39bb840a5e7315307f77ffd00d6e67b4b9f105404"}, {"path": "test_apps/main/test_esp_lcd_ili9341.c", "size": 6476, "hash": "4f9884ac8ca46653c623aa93096025c5f26c44f28ae84e206934a202650c6d38"}]}